city,humidity_1,humidity_2,humidity_3,humidity_4,humidity_5,humidity_6,humidity_7,humidity_8,humidity_9,humidity_10,humidity_11,humidity_12,humidity_13,humidity_14,humidity_15,humidity_16,humidity_17,humidity_18,humidity_19,humidity_20,humidity_21,humidity_22,humidity_23,humidity_24,humidity_25,humidity_26,humidity_27,humidity_28,humidity_29,humidity_30,humidity_31,humidity_32,humidity_33,humidity_34,humidity_35,humidity_36,humidity_37,humidity_38,humidity_39,humidity_40,temp_1,temp_2,temp_3,temp_4,temp_5,temp_6,temp_7,temp_8,temp_9,temp_10,temp_11,temp_12,temp_13,temp_14,temp_15,temp_16,temp_17,temp_18,temp_19,temp_20,temp_21,temp_22,temp_23,temp_24,temp_25,temp_26,temp_27,temp_28,temp_29,temp_30,temp_31,temp_32,temp_33,temp_34,temp_35,temp_36,temp_37,temp_38,temp_39,temp_40,temp_max_1,temp_max_2,temp_max_3,temp_max_4,temp_max_5,temp_max_6,temp_max_7,temp_max_8,temp_max_9,temp_max_10,temp_max_11,temp_max_12,temp_max_13,temp_max_14,temp_max_15,temp_max_16,temp_max_17,temp_max_18,temp_max_19,temp_max_20,temp_max_21,temp_max_22,temp_max_23,temp_max_24,temp_max_25,temp_max_26,temp_max_27,temp_max_28,temp_max_29,temp_max_30,temp_max_31,temp_max_32,temp_max_33,temp_max_34,temp_max_35,temp_max_36,temp_max_37,temp_max_38,temp_max_39,temp_max_40,temp_min_1,temp_min_2,temp_min_3,temp_min_4,temp_min_5,temp_min_6,temp_min_7,temp_min_8,temp_min_9,temp_min_10,temp_min_11,temp_min_12,temp_min_13,temp_min_14,temp_min_15,temp_min_16,temp_min_17,temp_min_18,temp_min_19,temp_min_20,temp_min_21,temp_min_22,temp_min_23,temp_min_24,temp_min_25,temp_min_26,temp_min_27,temp_min_28,temp_min_29,temp_min_30,temp_min_31,temp_min_32,temp_min_33,temp_min_34,temp_min_35,temp_min_36,temp_min_37,temp_min_38,temp_min_39,temp_min_40,weather_description_1,weather_description_2,weather_description_3,weather_description_4,weather_description_5,weather_description_6,weather_description_7,weather_description_8,weather_description_9,weather_description_10,weather_description_11,weather_description_12,weather_description_13,weather_description_14,weather_description_15,weather_description_16,weather_description_17,weather_description_18,weather_description_19,weather_description_20,weather_description_21,weather_description_22,weather_description_23,weather_description_24,weather_description_25,weather_description_26,weather_description_27,weather_description_28,weather_description_29,weather_description_30,weather_description_31,weather_description_32,weather_description_33,weather_description_34,weather_description_35,weather_description_36,weather_description_37,weather_description_38,weather_description_39,weather_description_40,weather_main_1,weather_main_2,weather_main_3,weather_main_4,weather_main_5,weather_main_6,weather_main_7,weather_main_8,weather_main_9,weather_main_10,weather_main_11,weather_main_12,weather_main_13,weather_main_14,weather_main_15,weather_main_16,weather_main_17,weather_main_18,weather_main_19,weather_main_20,weather_main_21,weather_main_22,weather_main_23,weather_main_24,weather_main_25,weather_main_26,weather_main_27,weather_main_28,weather_main_29,weather_main_30,weather_main_31,weather_main_32,weather_main_33,weather_main_34,weather_main_35,weather_main_36,weather_main_37,weather_main_38,weather_main_39,weather_main_40,wind_deg_1,wind_deg_2,wind_deg_3,wind_deg_4,wind_deg_5,wind_deg_6,wind_deg_7,wind_deg_8,wind_deg_9,wind_deg_10,wind_deg_11,wind_deg_12,wind_deg_13,wind_deg_14,wind_deg_15,wind_deg_16,wind_deg_17,wind_deg_18,wind_deg_19,wind_deg_20,wind_deg_21,wind_deg_22,wind_deg_23,wind_deg_24,wind_deg_25,wind_deg_26,wind_deg_27,wind_deg_28,wind_deg_29,wind_deg_30,wind_deg_31,wind_deg_32,wind_deg_33,wind_deg_34,wind_deg_35,wind_deg_36,wind_deg_37,wind_deg_38,wind_deg_39,wind_deg_40,wind_speed_1,wind_speed_2,wind_speed_3,wind_speed_4,wind_speed_5,wind_speed_6,wind_speed_7,wind_speed_8,wind_speed_9,wind_speed_10,wind_speed_11,wind_speed_12,wind_speed_13,wind_speed_14,wind_speed_15,wind_speed_16,wind_speed_17,wind_speed_18,wind_speed_19,wind_speed_20,wind_speed_21,wind_speed_22,wind_speed_23,wind_speed_24,wind_speed_25,wind_speed_26,wind_speed_27,wind_speed_28,wind_speed_29,wind_speed_30,wind_speed_31,wind_speed_32,wind_speed_33,wind_speed_34,wind_speed_35,wind_speed_36,wind_speed_37,wind_speed_38,wind_speed_39,wind_speed_40
Aigues Mortes,75,82,87,84,82,79,74,75,81,81,76,71,71,69,73,76,78,79,78,78,79,80,81,78,79,79,75,66,66,65,77,92,82,86,84,87,90,84,90,88,13.97,12.92,11.62,10.15,9.46,12.99,14.02,13.62,12.69,12.41,12.2,12.37,12.36,13.21,12.93,13.09,12.85,12.72,12.45,11.95,12.13,12.84,13.38,13.19,12.88,12.79,12.92,13.37,13.66,14.12,13.16,11.98,12.32,12.26,12.19,11.71,10.92,12.27,11.42,11.4,13.97,12.92,11.62,10.15,9.46,12.99,14.02,13.62,12.69,12.41,12.2,12.37,12.36,13.21,12.93,13.09,12.85,12.72,12.45,11.95,12.13,12.84,13.38,13.19,12.88,12.79,12.92,13.37,13.66,14.12,13.16,11.98,12.32,12.26,12.19,11.71,10.92,12.27,11.42,11.4,12.1,11.92,11.62,10.15,9.46,12.99,14.02,13.62,12.69,12.41,12.2,12.37,12.36,13.21,12.93,13.09,12.85,12.72,12.45,11.95,12.13,12.84,13.38,13.19,12.88,12.79,12.92,13.37,13.66,14.12,13.16,11.98,12.32,12.26,12.19,11.71,10.92,12.27,11.42,11.4,ciel dégagé,ciel dégagé,ciel dégagé,nuageux,nuageux,légère pluie,légère pluie,nuageux,légère pluie,nuageux,légère pluie,légère pluie,couvert,couvert,légère pluie,légère pluie,couvert,couvert,couvert,nuageux,nuageux,couvert,couvert,couvert,couvert,couvert,couvert,nuageux,couvert,légère pluie,légère pluie,pluie modérée,légère pluie,nuageux,partiellement nuageux,ciel dégagé,légère pluie,légère pluie,légère pluie,pluie modérée,Clear,Clear,Clear,Clouds,Clouds,Rain,Rain,Clouds,Rain,Clouds,Rain,Rain,Clouds,Clouds,Rain,Rain,Clouds,Clouds,Clouds,Clouds,Clouds,Clouds,Clouds,Clouds,Clouds,Clouds,Clouds,Clouds,Clouds,Rain,Rain,Rain,Rain,Clouds,Clouds,Clear,Rain,Rain,Rain,Rain,138,126,108,81,83,117,128,134,133,129,117,112,111,117,131,142,146,139,131,126,126,120,136,133,129,126,120,122,116,121,124,148,167,153,151,131,106,100,149,163,4.17,4.6,5.23,4.39,5.12,8.94,9.73,9.0,8.97,7.45,7.93,8.06,7.36,8.03,9.02,7.38,6.87,6.43,6.84,6.38,7.9,8.82,10.34,10.47,11.28,11.38,12.52,13.16,14.15,16.68,17.8,7.36,8.14,8.82,6.94,5.94,4.66,6.15,8.78,5.26
Aix en Provence,34,43,58,66,75,58,42,39,53,54,51,49,56,49,38,35,53,52,64,64,65,50,40,41,55,53,54,54,55,52,53,71,94,89,90,88,91,81,81,74,14.06,12.27,10.02,9.43,9.34,12.84,15.53,14.92,12.41,11.48,11.49,11.35,10.75,13.54,15.65,15.85,12.72,11.6,10.55,10.06,9.69,13.59,16.58,15.84,12.72,11.86,11.5,11.74,11.6,13.03,14.44,12.31,11.06,10.61,9.53,8.83,7.9,10.72,11.27,11.89,14.06,12.27,10.02,9.43,9.34,12.84,15.53,14.92,12.41,11.48,11.49,11.35,10.75,13.54,15.65,15.85,12.72,11.6,10.55,10.06,9.69,13.59,16.58,15.84,12.72,11.86,11.5,11.74,11.6,13.03,14.44,12.31,11.06,10.61,9.53,8.83,7.9,10.72,11.27,11.89,12.72,11.04,10.02,9.43,9.34,12.84,15.53,14.92,12.41,11.48,11.49,11.35,10.75,13.54,15.65,15.85,12.72,11.6,10.55,10.06,9.69,13.59,16.58,15.84,12.72,11.86,11.5,11.74,11.6,13.03,14.44,12.31,11.06,10.61,9.53,8.83,7.9,10.72,11.27,11.89,ciel dégagé,ciel dégagé,ciel dégagé,peu nuageux,peu nuageux,couvert,nuageux,couvert,couvert,couvert,couvert,couvert,couvert,nuageux,couvert,couvert,nuageux,partiellement nuageux,peu nuageux,ciel dégagé,ciel dégagé,nuageux,nuageux,couvert,nuageux,nuageux,nuageux,couvert,couvert,couvert,couvert,légère pluie,pluie modérée,légère pluie,nuageux,partiellement nuageux,peu nuageux,couvert,légère pluie,pluie modérée,Clear,Clear,Clear,Clouds,Clouds,Clouds,Clouds,Clouds,Clouds,Clouds,Clouds,Clouds,Clouds,Clouds,Clouds,Clouds,Clouds,Clouds,Clouds,Clear,Clear,Clouds,Clouds,Clouds,Clouds,Clouds,Clouds,Clouds,Clouds,Clouds,Clouds,Rain,Rain,Rain,Clouds,Clouds,Clouds,Clouds,Rain,Rain,105,102,93,94,105,107,116,116,118,113,105,106,108,111,111,118,123,114,100,91,100,114,126,123,111,106,104,100,101,99,104,109,176,166,114,82,74,91,155,126,2.84,3.38,3.29,4.54,5.83,7.11,7.48,7.29,6.32,7.08,6.79,6.03,6.22,6.97,6.99,6.29,3.91,3.77,3.36,4.0,4.2,6.62,6.61,6.9,5.76,7.4,8.08,8.6,10.32,10.79,11.03,11.0,5.44,3.59,2.5,2.46,2.54,2.75,4.19,4.82
Amiens,56,66,80,88,89,70,46,47,69,75,83,87,80,73,54,51,71,79,82,80,84,68,48,53,70,78,80,80,80,66,67,78,86,94,93,92,90,87,81,71,13.52,10.87,7.55,6.25,5.5,9.83,14.21,15.28,10.32,8.8,8.18,7.95,8.66,10.91,14.82,15.65,11.03,9.33,7.95,7.97,6.63,10.77,14.86,15.77,11.84,10.35,9.13,8.22,7.43,11.3,12.02,12.66,10.45,9.21,9.78,9.68,9.42,10.29,11.54,12.53,13.52,10.87,7.55,6.25,5.5,9.83,14.21,15.28,10.32,8.8,8.18,7.95,8.66,10.91,14.82,15.65,11.03,9.33,7.95,7.97,6.63,10.77,14.86,15.77,11.84,10.35,9.13,8.22,7.43,11.3,12.02,12.66,10.45,9.21,9.78,9.68,9.42,10.29,11.54,12.53,10.35,8.75,7.55,6.25,5.5,9.83,14.21,15.28,10.32,8.8,8.18,7.95,8.66,10.91,14.82,15.65,11.03,9.33,7.95,7.97,6.63,10.77,14.86,15.77,11.84,10.35,9.13,8.22,7.43,11.3,12.02,12.66,10.45,9.21,9.78,9.68,9.42,10.29,11.54,12.53,ciel dégagé,ciel dégagé,ciel dégagé,ciel dégagé,ciel dégagé,peu nuageux,ciel dégagé,ciel dégagé,ciel dégagé,peu nuageux,peu nuageux,partiellement nuageux,nuageux,couvert,nuageux,peu nuageux,partiellement nuageux,couvert,nuageux,couvert,nuageux,peu nuageux,partiellement nuageux,couvert,nuageux,nuageux,partiellement nuageux,peu nuageux,partiellement nuageux,couvert,couvert,couvert,couvert,couvert,légère pluie,légère pluie,légère pluie,légère pluie,légère pluie,légère pluie,Clear,Clear,Clear,Clear,Clear,Clouds,Clear,Clear,Clear,Clouds,Clouds,Clouds,Clouds,Clouds,Clouds,Clouds,Clouds,Clouds,Clouds,Clouds,Clouds,Clouds,Clouds,Clouds,Clouds,Clouds,Clouds,Clouds,Clouds,Clouds,Clouds,Clouds,Clouds,Clouds,Rain,Rain,Rain,Rain,Rain,Rain,183,176,176,163,159,184,180,184,177,155,166,174,168,167,171,150,136,127,120,126,118,134,137,147,102,106,110,115,114,125,122,155,109,91,79,82,115,108,123,95,2.71,2.7,2.36,2.56,2.98,4.49,6.4,5.51,3.22,3.21,3.25,3.76,4.16,5.41,6.14,5.66,3.59,3.44,3.59,4.27,3.8,5.52,6.36,5.57,5.11,5.19,4.79,4.54,4.44,5.76,4.24,5.45,2.52,2.9,3.3,2.42,1.58,1.45,2.83,2.31
Annecy,51,65,76,70,67,47,36,41,68,75,76,73,67,49,38,38,62,71,73,72,67,46,35,37,64,72,73,68,65,51,45,60,73,77,94,95,95,81,69,68,13.82,10.31,6.01,4.68,3.8,10.36,15.13,14.62,8.8,7.12,6.31,5.21,4.23,9.47,13.52,13.7,8.15,6.35,4.99,3.98,3.41,10.07,15.1,15.02,8.66,7.08,5.78,5.94,5.74,10.75,14.63,13.92,10.24,8.31,7.37,7.12,6.21,9.8,12.69,12.1,13.82,10.31,6.01,4.68,3.8,10.36,15.13,14.62,8.8,7.12,6.31,5.21,4.23,9.47,13.52,13.7,8.15,6.35,4.99,3.98,3.41,10.07,15.1,15.02,8.66,7.08,5.78,5.94,5.74,10.75,14.63,13.92,10.24,8.31,7.37,7.12,6.21,9.8,12.69,12.1,9.31,7.42,6.01,4.68,3.8,10.36,15.13,14.62,8.8,7.12,6.31,5.21,4.23,9.47,13.52,13.7,8.15,6.35,4.99,3.98,3.41,10.07,15.1,15.02,8.66,7.08,5.78,5.94,5.74,10.75,14.63,13.92,10.24,8.31,7.37,7.12,6.21,9.8,12.69,12.1,partiellement nuageux,nuageux,nuageux,ciel dégagé,ciel dégagé,peu nuageux,partiellement nuageux,partiellement nuageux,nuageux,couvert,couvert,couvert,couvert,couvert,couvert,couvert,couvert,nuageux,partiellement nuageux,ciel dégagé,ciel dégagé,ciel dégagé,ciel dégagé,peu nuageux,partiellement nuageux,peu nuageux,partiellement nuageux,nuageux,couvert,couvert,couvert,couvert,couvert,couvert,légère pluie,pluie modérée,légère pluie,nuageux,nuageux,couvert,Clouds,Clouds,Clouds,Clear,Clear,Clouds,Clouds,Clouds,Clouds,Clouds,Clouds,Clouds,Clouds,Clouds,Clouds,Clouds,Clouds,Clouds,Clouds,Clear,Clear,Clear,Clear,Clouds,Clouds,Clouds,Clouds,Clouds,Clouds,Clouds,Clouds,Clouds,Clouds,Clouds,Rain,Rain,Rain,Clouds,Clouds,Clouds,137,130,123,117,120,165,265,282,179,126,119,108,108,67,283,313,79,109,122,107,97,348,317,297,70,93,103,99,91,55,323,52,141,172,206,97,152,304,333,353,1.12,1.46,1.67,1.56,1.56,0.31,1.17,1.85,0.83,1.2,1.35,1.4,1.41,0.21,1.05,1.25,1.27,1.23,1.46,1.62,1.58,0.14,0.65,1.72,1.35,1.83,1.75,1.69,1.36,0.93,0.82,1.37,1.04,1.52,1.75,0.51,1.03,0.48,1.83,1.89
Ariege,62,68,78,73,73,55,42,43,68,72,69,74,81,59,45,55,80,80,82,86,85,67,56,60,76,87,86,96,97,88,84,74,88,80,81,80,75,56,52,58,10.54,7.46,4.11,3.73,3.72,9.73,14.35,13.76,7.04,4.86,4.54,4.18,3.57,9.84,14.28,13.14,7.09,6.0,5.78,5.24,5.78,9.86,12.97,11.79,8.56,5.98,5.2,4.76,4.65,5.64,6.2,7.24,3.87,1.87,1.26,0.66,1.7,6.6,9.78,9.76,10.54,7.46,4.11,3.73,3.72,9.73,14.35,13.76,7.04,4.86,4.54,4.18,3.57,9.84,14.28,13.14,7.09,6.0,5.78,5.24,5.78,9.86,12.97,11.79,8.56,5.98,5.2,4.76,4.65,5.64,6.2,7.24,3.87,1.87,1.26,0.66,1.7,6.6,9.78,9.76,6.33,4.87,4.11,3.73,3.72,9.73,14.35,13.76,7.04,4.86,4.54,4.18,3.57,9.84,14.28,13.14,7.09,6.0,5.78,5.24,5.78,9.86,12.97,11.79,8.56,5.98,5.2,4.76,4.65,5.64,6.2,7.24,3.87,1.87,1.26,0.66,1.7,6.6,9.78,9.76,partiellement nuageux,nuageux,nuageux,couvert,couvert,couvert,couvert,couvert,nuageux,couvert,couvert,couvert,couvert,nuageux,nuageux,partiellement nuageux,partiellement nuageux,nuageux,nuageux,nuageux,nuageux,couvert,couvert,couvert,couvert,légère pluie,légère pluie,pluie modérée,pluie modérée,légère pluie,couvert,nuageux,partiellement nuageux,ciel dégagé,ciel dégagé,peu nuageux,nuageux,couvert,couvert,couvert,Clouds,Clouds,Clouds,Clouds,Clouds,Clouds,Clouds,Clouds,Clouds,Clouds,Clouds,Clouds,Clouds,Clouds,Clouds,Clouds,Clouds,Clouds,Clouds,Clouds,Clouds,Clouds,Clouds,Clouds,Clouds,Rain,Rain,Rain,Rain,Rain,Clouds,Clouds,Clouds,Clear,Clear,Clouds,Clouds,Clouds,Clouds,Clouds,187,195,192,190,187,187,194,188,195,194,193,191,192,189,199,205,195,189,186,192,184,188,193,179,155,181,185,247,222,168,81,61,165,187,185,185,187,306,358,355,1.29,2.55,3.0,3.1,3.36,2.23,1.53,3.42,2.9,3.17,2.66,2.62,2.68,1.65,0.93,1.63,3.1,3.29,3.48,3.33,3.02,3.24,3.67,3.61,2.29,3.09,3.28,2.25,0.62,1.24,1.0,0.58,1.75,3.55,3.21,2.98,2.28,0.56,1.23,1.0
Avignon,56,67,68,70,73,54,38,40,50,56,57,60,72,47,36,38,57,63,68,78,80,55,40,52,51,47,46,45,47,48,47,68,94,88,90,89,89,72,65,88,15.33,12.04,8.26,7.11,6.21,13.56,17.87,17.29,12.9,11.01,10.39,9.48,7.68,14.25,17.46,17.72,13.11,11.88,9.21,7.87,7.11,12.82,17.57,15.63,14.42,13.05,12.9,13.28,13.56,15.63,16.08,13.65,11.46,10.65,10.37,8.76,7.99,12.23,14.38,10.9,15.33,12.04,8.26,7.11,6.21,13.56,17.87,17.29,12.9,11.01,10.39,9.48,7.68,14.25,17.46,17.72,13.11,11.88,9.21,7.87,7.11,12.82,17.57,15.63,14.42,13.05,12.9,13.28,13.56,15.63,16.08,13.65,11.46,10.65,10.37,8.76,7.99,12.23,14.38,10.9,12.02,9.57,8.26,7.11,6.21,13.56,17.87,17.29,12.9,11.01,10.39,9.48,7.68,14.25,17.46,17.72,13.11,11.88,9.21,7.87,7.11,12.82,17.57,15.63,14.42,13.05,12.9,13.28,13.56,15.63,16.08,13.65,11.46,10.65,10.37,8.76,7.99,12.23,14.38,10.9,ciel dégagé,ciel dégagé,ciel dégagé,peu nuageux,partiellement nuageux,couvert,nuageux,couvert,couvert,couvert,couvert,couvert,nuageux,partiellement nuageux,nuageux,couvert,couvert,couvert,nuageux,peu nuageux,peu nuageux,couvert,couvert,couvert,couvert,nuageux,nuageux,nuageux,couvert,couvert,légère pluie,pluie modérée,pluie modérée,légère pluie,couvert,partiellement nuageux,peu nuageux,couvert,légère pluie,pluie modérée,Clear,Clear,Clear,Clouds,Clouds,Clouds,Clouds,Clouds,Clouds,Clouds,Clouds,Clouds,Clouds,Clouds,Clouds,Clouds,Clouds,Clouds,Clouds,Clouds,Clouds,Clouds,Clouds,Clouds,Clouds,Clouds,Clouds,Clouds,Clouds,Clouds,Rain,Rain,Rain,Rain,Clouds,Clouds,Clouds,Clouds,Rain,Rain,224,285,55,44,32,139,148,156,169,158,126,104,29,138,148,170,175,178,87,63,61,136,158,170,142,138,133,126,131,122,124,124,179,157,140,124,93,101,150,112,2.79,0.23,1.19,1.46,1.23,6.01,7.08,6.3,3.19,2.7,2.84,1.63,1.85,5.3,6.95,5.23,3.46,0.92,1.65,1.09,1.34,4.54,7.58,7.36,6.31,6.91,8.61,8.56,8.29,12.07,13.55,11.82,5.74,5.25,3.9,2.73,1.75,2.06,6.5,3.24
Bayeux,64,77,70,68,78,71,65,69,78,82,82,82,81,78,67,67,76,86,81,84,79,76,65,68,82,80,80,85,74,77,78,83,89,94,89,92,95,98,95,95,15.05,11.57,7.23,6.43,6.19,9.48,14.02,14.78,12.06,11.74,12.21,10.92,9.3,10.66,14.56,15.22,12.15,9.5,9.19,8.43,8.77,10.62,14.36,14.78,11.05,9.55,10.01,8.53,9.94,10.61,10.95,11.01,10.33,8.98,8.54,8.06,8.0,8.17,8.18,8.35,15.05,11.57,7.23,6.43,6.19,9.48,14.02,14.78,12.06,11.74,12.21,10.92,9.3,10.66,14.56,15.22,12.15,9.5,9.19,8.43,8.77,10.62,14.36,14.78,11.05,9.55,10.01,8.53,9.94,10.61,10.95,11.01,10.33,8.98,8.54,8.06,8.0,8.17,8.18,8.35,10.86,8.79,7.23,6.43,6.19,9.48,14.02,14.78,12.06,11.74,12.21,10.92,9.3,10.66,14.56,15.22,12.15,9.5,9.19,8.43,8.77,10.62,14.36,14.78,11.05,9.55,10.01,8.53,9.94,10.61,10.95,11.01,10.33,8.98,8.54,8.06,8.0,8.17,8.18,8.35,ciel dégagé,ciel dégagé,ciel dégagé,ciel dégagé,ciel dégagé,ciel dégagé,peu nuageux,peu nuageux,partiellement nuageux,nuageux,nuageux,légère pluie,couvert,couvert,couvert,couvert,nuageux,nuageux,nuageux,couvert,couvert,couvert,couvert,couvert,couvert,couvert,couvert,couvert,couvert,légère pluie,légère pluie,légère pluie,légère pluie,légère pluie,légère pluie,légère pluie,légère pluie,légère pluie,pluie modérée,légère pluie,Clear,Clear,Clear,Clear,Clear,Clear,Clouds,Clouds,Clouds,Clouds,Clouds,Rain,Clouds,Clouds,Clouds,Clouds,Clouds,Clouds,Clouds,Clouds,Clouds,Clouds,Clouds,Clouds,Clouds,Clouds,Clouds,Clouds,Clouds,Rain,Rain,Rain,Rain,Rain,Rain,Rain,Rain,Rain,Rain,Rain,154,176,172,157,168,170,185,174,167,173,181,173,173,165,172,160,140,125,128,124,138,130,140,127,111,107,110,109,120,129,122,132,132,220,155,174,210,271,236,252,2.65,3.72,3.84,4.57,5.21,6.64,7.11,6.42,6.01,6.55,6.2,6.53,6.38,6.22,6.47,5.71,5.27,4.92,4.99,5.01,5.38,5.92,6.53,6.15,4.12,5.11,5.25,5.26,5.9,6.52,3.65,3.17,2.24,2.25,0.84,0.83,0.76,2.24,3.6,4.38
Bayonne,60,74,79,77,76,72,59,60,78,79,75,75,76,69,61,57,62,63,62,63,68,62,57,60,59,65,86,71,69,55,46,49,64,71,77,76,73,65,50,48,18.24,14.6,10.35,9.6,9.79,12.66,17.28,17.28,13.97,12.46,11.96,11.17,10.92,14.02,16.29,17.76,15.44,15.09,15.57,15.55,13.81,16.19,18.19,17.39,16.01,14.51,11.96,10.19,10.04,13.07,15.68,15.2,11.69,9.28,8.01,7.52,8.7,12.14,15.86,16.21,18.24,14.6,10.35,9.6,9.79,12.66,17.28,17.28,13.97,12.46,11.96,11.17,10.92,14.02,16.29,17.76,15.44,15.09,15.57,15.55,13.81,16.19,18.19,17.39,16.01,14.51,11.96,10.19,10.04,13.07,15.68,15.2,11.69,9.28,8.01,7.52,8.7,12.14,15.86,16.21,13.87,11.69,10.35,9.6,9.79,12.66,17.28,17.28,13.97,12.46,11.96,11.17,10.92,14.02,16.29,17.76,15.44,15.09,15.57,15.55,13.81,16.19,18.19,17.39,16.01,14.51,11.96,10.19,10.04,13.07,15.68,15.2,11.69,9.28,8.01,7.52,8.7,12.14,15.86,16.21,peu nuageux,partiellement nuageux,nuageux,nuageux,couvert,couvert,couvert,couvert,couvert,couvert,couvert,couvert,couvert,couvert,nuageux,couvert,couvert,couvert,couvert,légère pluie,couvert,couvert,couvert,couvert,couvert,légère pluie,légère pluie,couvert,couvert,ciel dégagé,ciel dégagé,ciel dégagé,ciel dégagé,peu nuageux,ciel dégagé,ciel dégagé,partiellement nuageux,couvert,couvert,nuageux,Clouds,Clouds,Clouds,Clouds,Clouds,Clouds,Clouds,Clouds,Clouds,Clouds,Clouds,Clouds,Clouds,Clouds,Clouds,Clouds,Clouds,Clouds,Clouds,Rain,Clouds,Clouds,Clouds,Clouds,Clouds,Rain,Rain,Clouds,Clouds,Clear,Clear,Clear,Clear,Clouds,Clear,Clear,Clouds,Clouds,Clouds,Clouds,109,119,150,131,114,89,148,104,116,134,153,128,119,123,165,151,150,147,163,156,125,150,150,151,152,162,216,196,193,168,172,180,166,136,129,134,153,146,178,176,2.69,2.5,1.97,1.87,2.3,2.18,2.81,3.24,3.39,2.33,1.74,2.68,2.32,2.38,4.15,5.56,6.8,4.68,6.0,8.23,5.86,7.35,6.6,5.46,7.45,8.26,1.1,4.03,4.23,3.26,5.17,3.77,3.36,3.39,3.02,2.54,2.4,1.79,1.86,2.82
Besancon,57,69,83,83,83,64,52,54,77,83,81,80,82,67,56,58,80,86,86,79,78,59,47,49,76,83,81,72,68,58,47,63,74,85,97,79,80,75,52,56,11.64,9.17,6.36,5.73,4.99,11.1,15.37,15.45,9.87,8.15,7.19,6.08,5.48,10.34,13.75,14.09,9.15,7.41,6.28,5.39,4.77,11.07,15.62,15.55,9.56,7.66,6.7,5.51,6.68,11.62,15.98,13.26,10.42,8.82,8.05,8.34,7.2,9.77,13.93,13.87,11.64,9.17,6.36,5.73,4.99,11.1,15.37,15.45,9.87,8.15,7.19,6.08,5.48,10.34,13.75,14.09,9.15,7.41,6.28,5.39,4.77,11.07,15.62,15.55,9.56,7.66,6.7,5.51,6.68,11.62,15.98,13.26,10.42,8.82,8.05,8.34,7.2,9.77,13.93,13.87,8.88,7.25,6.36,5.73,4.99,11.1,15.37,15.45,9.87,8.15,7.19,6.08,5.48,10.34,13.75,14.09,9.15,7.41,6.28,5.39,4.77,11.07,15.62,15.55,9.56,7.66,6.7,5.51,6.68,11.62,15.98,13.26,10.42,8.82,8.05,8.34,7.2,9.77,13.93,13.87,peu nuageux,ciel dégagé,ciel dégagé,peu nuageux,ciel dégagé,ciel dégagé,ciel dégagé,peu nuageux,partiellement nuageux,couvert,nuageux,nuageux,nuageux,couvert,couvert,couvert,couvert,partiellement nuageux,peu nuageux,ciel dégagé,ciel dégagé,ciel dégagé,ciel dégagé,partiellement nuageux,partiellement nuageux,peu nuageux,partiellement nuageux,partiellement nuageux,nuageux,couvert,couvert,couvert,couvert,couvert,couvert,légère pluie,légère pluie,couvert,couvert,nuageux,Clouds,Clear,Clear,Clouds,Clear,Clear,Clear,Clouds,Clouds,Clouds,Clouds,Clouds,Clouds,Clouds,Clouds,Clouds,Clouds,Clouds,Clouds,Clear,Clear,Clear,Clear,Clouds,Clouds,Clouds,Clouds,Clouds,Clouds,Clouds,Clouds,Clouds,Clouds,Clouds,Clouds,Rain,Rain,Clouds,Clouds,Clouds,118,128,141,126,124,77,8,309,213,141,139,112,96,37,18,346,82,115,150,120,94,59,263,299,68,146,116,107,146,62,43,40,199,211,229,206,166,150,235,262,0.94,1.24,1.38,1.34,1.19,0.23,0.96,1.56,0.48,1.53,1.52,1.24,1.08,1.27,1.59,1.34,1.33,1.19,1.31,1.35,1.61,1.22,1.02,1.9,1.32,1.2,1.39,1.59,0.94,0.83,3.16,3.7,2.07,2.53,3.62,4.4,1.61,0.99,3.6,2.62
Biarritz,60,73,77,74,73,72,61,64,76,78,75,74,75,71,64,61,63,64,65,67,68,64,59,58,57,65,83,68,67,55,49,53,65,71,76,74,72,66,54,50,18.26,14.83,11.02,10.45,10.5,12.58,16.73,16.6,14.38,12.95,12.26,11.55,11.2,13.61,15.76,16.98,15.61,15.24,15.27,15.16,14.38,15.8,17.61,17.17,15.99,14.69,12.34,10.6,10.62,13.0,15.11,14.84,12.14,9.85,8.65,8.28,9.51,12.01,15.13,15.83,18.26,14.83,11.02,10.45,10.5,12.58,16.73,16.6,14.38,12.95,12.26,11.55,11.2,13.61,15.76,16.98,15.61,15.24,15.27,15.16,14.38,15.8,17.61,17.17,15.99,14.69,12.34,10.6,10.62,13.0,15.11,14.84,12.14,9.85,8.65,8.28,9.51,12.01,15.13,15.83,14.19,12.09,11.02,10.45,10.5,12.58,16.73,16.6,14.38,12.95,12.26,11.55,11.2,13.61,15.76,16.98,15.61,15.24,15.27,15.16,14.38,15.8,17.61,17.17,15.99,14.69,12.34,10.6,10.62,13.0,15.11,14.84,12.14,9.85,8.65,8.28,9.51,12.01,15.13,15.83,peu nuageux,partiellement nuageux,nuageux,nuageux,couvert,couvert,couvert,couvert,couvert,couvert,couvert,couvert,couvert,nuageux,nuageux,couvert,couvert,couvert,couvert,couvert,couvert,couvert,couvert,couvert,couvert,légère pluie,légère pluie,couvert,nuageux,ciel dégagé,ciel dégagé,ciel dégagé,ciel dégagé,ciel dégagé,ciel dégagé,ciel dégagé,partiellement nuageux,couvert,couvert,partiellement nuageux,Clouds,Clouds,Clouds,Clouds,Clouds,Clouds,Clouds,Clouds,Clouds,Clouds,Clouds,Clouds,Clouds,Clouds,Clouds,Clouds,Clouds,Clouds,Clouds,Clouds,Clouds,Clouds,Clouds,Clouds,Clouds,Rain,Rain,Clouds,Clouds,Clear,Clear,Clear,Clear,Clear,Clear,Clear,Clouds,Clouds,Clouds,Clouds,101,119,162,145,112,90,168,108,116,130,154,127,118,115,152,151,148,160,159,156,127,150,151,150,148,153,239,191,188,177,173,177,155,137,126,142,148,152,181,174,2.44,2.82,2.29,2.2,2.69,2.46,2.59,2.62,2.3,2.46,1.88,2.66,2.44,2.68,3.68,4.9,6.4,4.55,6.79,6.86,5.69,6.27,7.37,7.71,8.12,9.21,2.24,4.94,5.2,3.95,5.33,3.83,3.37,3.78,3.29,2.29,2.97,2.17,2.0,3.35
Bormes les Mimosas,64,77,86,86,85,75,68,65,73,76,75,71,74,70,61,62,75,80,84,88,86,67,61,67,80,79,76,74,75,76,82,85,94,90,92,90,90,81,83,88,13.17,11.18,8.97,9.72,11.04,12.36,13.12,12.75,11.04,11.18,11.21,11.35,11.57,12.6,13.41,13.01,10.37,9.71,9.61,8.99,9.02,12.88,13.56,12.72,10.23,11.0,11.32,11.49,11.43,11.47,11.79,11.27,10.81,10.4,10.19,9.78,8.9,11.39,10.92,10.27,13.17,11.18,8.97,9.72,11.04,12.36,13.12,12.75,11.04,11.18,11.21,11.35,11.57,12.6,13.41,13.01,10.37,9.71,9.61,8.99,9.02,12.88,13.56,12.72,10.23,11.0,11.32,11.49,11.43,11.47,11.79,11.27,10.81,10.4,10.19,9.78,8.9,11.39,10.92,10.27,9.8,9.34,8.97,9.72,11.04,12.36,13.12,12.75,11.04,11.18,11.21,11.35,11.57,12.6,13.41,13.01,10.37,9.71,9.61,8.99,9.02,12.88,13.56,12.72,10.23,11.0,11.32,11.49,11.43,11.47,11.79,11.27,10.81,10.4,10.19,9.78,8.9,11.39,10.92,10.27,ciel dégagé,ciel dégagé,ciel dégagé,ciel dégagé,peu nuageux,couvert,couvert,couvert,couvert,couvert,légère pluie,légère pluie,couvert,couvert,couvert,couvert,nuageux,peu nuageux,peu nuageux,ciel dégagé,ciel dégagé,ciel dégagé,peu nuageux,nuageux,nuageux,nuageux,nuageux,couvert,couvert,légère pluie,légère pluie,légère pluie,pluie modérée,pluie modérée,légère pluie,légère pluie,légère pluie,légère pluie,légère pluie,légère pluie,Clear,Clear,Clear,Clear,Clouds,Clouds,Clouds,Clouds,Clouds,Clouds,Rain,Rain,Clouds,Clouds,Clouds,Clouds,Clouds,Clouds,Clouds,Clear,Clear,Clear,Clouds,Clouds,Clouds,Clouds,Clouds,Clouds,Clouds,Rain,Rain,Rain,Rain,Rain,Rain,Rain,Rain,Rain,Rain,Rain,80,79,66,75,80,82,81,88,88,83,82,80,86,89,87,91,84,81,77,66,83,93,91,94,87,83,79,80,78,75,76,83,129,164,142,25,80,108,173,138,4.88,4.11,5.25,6.79,7.75,8.7,9.03,8.43,7.01,8.27,8.9,8.45,8.73,9.21,8.39,6.79,4.46,4.32,4.08,4.95,5.4,6.63,7.44,7.03,4.77,6.87,8.25,10.22,11.58,13.79,14.03,12.99,4.55,1.45,1.42,1.56,0.88,2.02,4.83,5.68
Carcassonne,68,81,94,89,89,73,53,54,79,83,80,76,86,86,85,92,91,89,91,89,91,89,71,87,93,90,90,90,96,96,88,87,90,95,94,95,93,86,61,66,13.84,11.9,9.83,10.6,10.63,13.86,16.7,16.09,11.54,10.8,10.74,10.85,11.43,11.74,11.46,10.93,11.61,11.43,11.11,11.44,11.41,12.38,15.76,13.39,12.46,12.44,12.03,12.29,12.03,10.52,10.85,11.02,10.59,8.78,8.58,7.41,7.38,10.34,14.15,12.63,13.84,11.9,9.83,10.6,10.63,13.86,16.7,16.09,11.54,10.8,10.74,10.85,11.43,11.74,11.46,10.93,11.61,11.43,11.11,11.44,11.41,12.38,15.76,13.39,12.46,12.44,12.03,12.29,12.03,10.52,10.85,11.02,10.59,8.78,8.58,7.41,7.38,10.34,14.15,12.63,11.11,10.24,9.83,10.6,10.63,13.86,16.7,16.09,11.54,10.8,10.74,10.85,11.43,11.74,11.46,10.93,11.61,11.43,11.11,11.44,11.41,12.38,15.76,13.39,12.46,12.44,12.03,12.29,12.03,10.52,10.85,11.02,10.59,8.78,8.58,7.41,7.38,10.34,14.15,12.63,ciel dégagé,partiellement nuageux,partiellement nuageux,couvert,couvert,couvert,couvert,couvert,couvert,partiellement nuageux,nuageux,couvert,couvert,légère pluie,légère pluie,légère pluie,couvert,couvert,couvert,couvert,couvert,couvert,couvert,nuageux,couvert,couvert,couvert,légère pluie,pluie modérée,forte pluie,légère pluie,légère pluie,couvert,légère pluie,peu nuageux,peu nuageux,partiellement nuageux,couvert,couvert,couvert,Clear,Clouds,Clouds,Clouds,Clouds,Clouds,Clouds,Clouds,Clouds,Clouds,Clouds,Clouds,Clouds,Rain,Rain,Rain,Clouds,Clouds,Clouds,Clouds,Clouds,Clouds,Clouds,Clouds,Clouds,Clouds,Clouds,Rain,Rain,Rain,Rain,Rain,Clouds,Rain,Clouds,Clouds,Clouds,Clouds,Clouds,Clouds,96,94,98,100,103,107,114,110,105,105,108,105,106,107,103,97,103,104,105,105,105,104,113,106,110,112,107,109,117,278,269,286,61,86,92,102,96,91,102,96,8.24,7.77,8.26,8.98,9.31,10.12,11.49,11.9,9.93,8.75,8.07,8.24,8.46,8.85,9.75,9.46,9.32,9.34,9.08,8.98,9.41,10.26,11.52,11.13,11.14,10.96,13.24,12.14,8.89,1.82,1.86,0.95,0.77,1.57,2.28,2.16,1.98,3.71,4.92,5.3
Cassis,55,61,65,67,77,65,56,54,60,61,65,64,63,58,54,54,61,62,65,69,68,64,58,60,67,62,61,61,63,63,67,81,91,85,85,83,82,78,92,83,15.96,13.69,11.32,11.42,11.02,13.35,14.76,14.53,13.04,12.33,12.09,11.85,11.75,13.58,14.85,14.53,13.1,12.35,11.85,11.54,11.59,13.45,14.74,14.19,12.86,12.59,12.65,12.76,12.59,13.18,13.52,12.19,11.07,11.31,11.27,10.75,10.43,11.98,10.53,11.7,15.96,13.69,11.32,11.42,11.02,13.35,14.76,14.53,13.04,12.33,12.09,11.85,11.75,13.58,14.85,14.53,13.1,12.35,11.85,11.54,11.59,13.45,14.74,14.19,12.86,12.59,12.65,12.76,12.59,13.18,13.52,12.19,11.07,11.31,11.27,10.75,10.43,11.98,10.53,11.7,13.17,11.86,11.32,11.42,11.02,13.35,14.76,14.53,13.04,12.33,12.09,11.85,11.75,13.58,14.85,14.53,13.1,12.35,11.85,11.54,11.59,13.45,14.74,14.19,12.86,12.59,12.65,12.76,12.59,13.18,13.52,12.19,11.07,11.31,11.27,10.75,10.43,11.98,10.53,11.7,ciel dégagé,ciel dégagé,ciel dégagé,ciel dégagé,peu nuageux,nuageux,nuageux,couvert,couvert,couvert,couvert,couvert,couvert,couvert,couvert,couvert,nuageux,ciel dégagé,ciel dégagé,ciel dégagé,ciel dégagé,nuageux,nuageux,nuageux,nuageux,nuageux,couvert,couvert,couvert,couvert,couvert,pluie modérée,pluie modérée,légère pluie,nuageux,légère pluie,légère pluie,légère pluie,pluie modérée,légère pluie,Clear,Clear,Clear,Clear,Clouds,Clouds,Clouds,Clouds,Clouds,Clouds,Clouds,Clouds,Clouds,Clouds,Clouds,Clouds,Clouds,Clear,Clear,Clear,Clear,Clouds,Clouds,Clouds,Clouds,Clouds,Clouds,Clouds,Clouds,Clouds,Clouds,Rain,Rain,Rain,Clouds,Rain,Rain,Rain,Rain,Rain,115,111,98,94,95,103,117,113,110,104,93,94,95,108,117,125,116,116,110,102,104,114,127,125,110,105,99,97,94,92,93,102,166,141,148,112,103,118,160,124,6.59,5.96,5.4,7.55,7.98,8.6,8.64,9.53,8.03,8.12,8.61,7.56,8.05,9.4,10.19,8.97,6.62,5.81,6.03,6.46,7.17,8.99,9.86,9.9,8.56,9.9,11.04,13.48,14.98,15.57,15.43,16.26,5.21,5.89,4.52,3.03,4.0,5.0,6.1,8.75
Chateau du Haut Koenigsbourg,48,62,73,66,68,55,46,47,68,71,73,78,80,64,57,56,77,79,84,89,91,71,49,46,70,73,80,86,89,67,54,47,63,65,70,75,87,90,68,56,10.69,7.69,4.15,3.29,2.86,8.92,12.89,12.78,7.43,6.15,5.21,4.21,3.76,8.25,11.44,11.73,7.0,6.04,5.14,4.14,3.35,8.18,11.96,12.26,7.14,6.02,4.96,4.02,3.07,8.27,10.93,11.83,8.23,8.05,6.97,5.7,5.11,6.04,8.87,10.75,10.69,7.69,4.15,3.29,2.86,8.92,12.89,12.78,7.43,6.15,5.21,4.21,3.76,8.25,11.44,11.73,7.0,6.04,5.14,4.14,3.35,8.18,11.96,12.26,7.14,6.02,4.96,4.02,3.07,8.27,10.93,11.83,8.23,8.05,6.97,5.7,5.11,6.04,8.87,10.75,6.26,5.08,4.15,3.29,2.86,8.92,12.89,12.78,7.43,6.15,5.21,4.21,3.76,8.25,11.44,11.73,7.0,6.04,5.14,4.14,3.35,8.18,11.96,12.26,7.14,6.02,4.96,4.02,3.07,8.27,10.93,11.83,8.23,8.05,6.97,5.7,5.11,6.04,8.87,10.75,ciel dégagé,ciel dégagé,ciel dégagé,ciel dégagé,ciel dégagé,ciel dégagé,ciel dégagé,nuageux,nuageux,nuageux,nuageux,peu nuageux,partiellement nuageux,couvert,couvert,couvert,nuageux,nuageux,nuageux,nuageux,nuageux,couvert,nuageux,ciel dégagé,ciel dégagé,ciel dégagé,ciel dégagé,ciel dégagé,peu nuageux,couvert,couvert,couvert,couvert,couvert,couvert,couvert,couvert,légère pluie,légère pluie,couvert,Clear,Clear,Clear,Clear,Clear,Clear,Clear,Clouds,Clouds,Clouds,Clouds,Clouds,Clouds,Clouds,Clouds,Clouds,Clouds,Clouds,Clouds,Clouds,Clouds,Clouds,Clouds,Clear,Clear,Clear,Clear,Clear,Clouds,Clouds,Clouds,Clouds,Clouds,Clouds,Clouds,Clouds,Clouds,Rain,Rain,Clouds,249,273,247,247,250,158,124,114,288,276,280,254,260,97,97,74,359,286,258,245,220,141,117,96,347,271,269,248,346,98,79,61,343,317,260,287,267,159,181,142,0.79,1.41,1.28,1.5,1.45,1.19,1.72,1.71,0.83,1.26,1.37,1.14,0.62,0.74,1.77,1.19,0.63,1.19,0.83,0.94,0.67,1.1,1.75,1.48,0.74,1.03,0.82,0.88,0.16,1.0,1.96,1.62,1.21,1.34,1.48,1.66,1.39,0.95,1.51,1.7
Collioure,74,81,92,94,89,79,75,74,88,87,88,91,95,96,95,94,93,94,95,95,96,95,91,94,94,92,93,95,96,91,84,63,78,85,86,83,75,79,84,74,14.18,11.98,9.74,10.12,10.72,14.01,14.7,14.28,11.25,11.77,11.74,11.56,11.64,11.65,11.96,12.52,12.21,12.19,12.16,11.98,12.49,13.04,13.75,13.35,13.27,13.0,12.92,12.97,13.29,13.07,14.18,15.19,11.65,9.44,8.4,7.78,8.67,10.28,10.49,12.46,14.18,11.98,9.74,10.12,10.72,14.01,14.7,14.28,11.25,11.77,11.74,11.56,11.64,11.65,11.96,12.52,12.21,12.19,12.16,11.98,12.49,13.04,13.75,13.35,13.27,13.0,12.92,12.97,13.29,13.07,14.18,15.19,11.65,9.44,8.4,7.78,8.67,10.28,10.49,12.46,11.82,10.29,9.74,10.12,10.72,14.01,14.7,14.28,11.25,11.77,11.74,11.56,11.64,11.65,11.96,12.52,12.21,12.19,12.16,11.98,12.49,13.04,13.75,13.35,13.27,13.0,12.92,12.97,13.29,13.07,14.18,15.19,11.65,9.44,8.4,7.78,8.67,10.28,10.49,12.46,ciel dégagé,peu nuageux,partiellement nuageux,couvert,légère pluie,légère pluie,légère pluie,légère pluie,légère pluie,légère pluie,légère pluie,légère pluie,légère pluie,pluie modérée,pluie modérée,légère pluie,légère pluie,légère pluie,légère pluie,légère pluie,légère pluie,légère pluie,légère pluie,légère pluie,légère pluie,légère pluie,couvert,légère pluie,pluie modérée,pluie modérée,légère pluie,couvert,nuageux,partiellement nuageux,peu nuageux,partiellement nuageux,nuageux,légère pluie,légère pluie,couvert,Clear,Clouds,Clouds,Clouds,Rain,Rain,Rain,Rain,Rain,Rain,Rain,Rain,Rain,Rain,Rain,Rain,Rain,Rain,Rain,Rain,Rain,Rain,Rain,Rain,Rain,Rain,Clouds,Rain,Rain,Rain,Rain,Clouds,Clouds,Clouds,Clouds,Clouds,Clouds,Rain,Rain,Clouds,147,160,169,172,157,150,153,147,152,159,136,145,150,125,136,144,149,156,148,150,144,151,149,143,144,143,145,136,131,186,165,169,177,194,212,201,196,197,44,340,3.57,2.09,2.6,2.65,2.85,5.25,6.05,6.39,3.15,3.39,1.84,2.29,2.9,3.89,4.26,4.39,4.62,4.62,5.07,5.09,5.26,4.8,7.04,7.87,8.48,7.72,6.61,6.77,9.15,3.61,5.98,6.58,5.06,3.92,2.62,2.4,1.67,2.37,0.81,0.87
Colmar,47,60,68,64,71,58,48,48,66,69,71,74,75,64,57,55,75,78,82,89,91,63,47,43,66,72,77,84,87,70,52,48,63,63,67,74,85,86,65,54,13.61,10.45,6.66,5.91,5.51,11.14,15.06,15.34,10.3,9.03,7.86,6.69,6.4,10.48,13.88,14.38,9.83,8.78,7.85,6.76,6.03,10.83,14.62,15.13,10.09,8.74,7.73,6.7,5.74,10.26,13.61,14.49,10.85,10.59,9.53,8.0,7.88,8.76,11.52,13.55,13.61,10.45,6.66,5.91,5.51,11.14,15.06,15.34,10.3,9.03,7.86,6.69,6.4,10.48,13.88,14.38,9.83,8.78,7.85,6.76,6.03,10.83,14.62,15.13,10.09,8.74,7.73,6.7,5.74,10.26,13.61,14.49,10.85,10.59,9.53,8.0,7.88,8.76,11.52,13.55,8.94,7.7,6.66,5.91,5.51,11.14,15.06,15.34,10.3,9.03,7.86,6.69,6.4,10.48,13.88,14.38,9.83,8.78,7.85,6.76,6.03,10.83,14.62,15.13,10.09,8.74,7.73,6.7,5.74,10.26,13.61,14.49,10.85,10.59,9.53,8.0,7.88,8.76,11.52,13.55,ciel dégagé,ciel dégagé,ciel dégagé,ciel dégagé,ciel dégagé,ciel dégagé,ciel dégagé,partiellement nuageux,partiellement nuageux,nuageux,nuageux,partiellement nuageux,nuageux,couvert,couvert,couvert,couvert,nuageux,couvert,nuageux,couvert,couvert,nuageux,ciel dégagé,ciel dégagé,ciel dégagé,ciel dégagé,ciel dégagé,peu nuageux,couvert,couvert,couvert,couvert,couvert,couvert,couvert,couvert,légère pluie,couvert,nuageux,Clear,Clear,Clear,Clear,Clear,Clear,Clear,Clouds,Clouds,Clouds,Clouds,Clouds,Clouds,Clouds,Clouds,Clouds,Clouds,Clouds,Clouds,Clouds,Clouds,Clouds,Clouds,Clear,Clear,Clear,Clear,Clear,Clouds,Clouds,Clouds,Clouds,Clouds,Clouds,Clouds,Clouds,Clouds,Rain,Clouds,Clouds,282,281,252,244,243,168,137,119,302,289,276,258,259,99,92,64,351,305,276,253,232,168,120,95,341,292,296,262,302,76,68,46,326,333,256,301,240,161,179,145,1.03,1.42,1.33,1.66,1.5,1.6,1.77,1.34,1.23,1.44,1.16,1.12,0.76,0.53,1.51,1.01,1.3,1.66,1.1,1.15,1.0,1.29,1.6,1.35,1.21,1.48,1.24,1.21,0.78,0.65,1.73,1.89,1.51,1.79,1.46,1.02,0.81,1.46,2.99,2.52
Dijon,51,67,87,89,90,69,53,55,71,80,87,89,91,74,60,58,79,85,87,89,92,75,59,54,71,77,78,84,78,68,53,64,68,83,95,94,95,85,63,55,14.25,10.8,6.25,4.64,3.58,9.35,13.98,14.35,9.02,6.81,5.62,4.58,3.89,9.23,13.62,14.08,8.88,7.18,6.28,5.07,3.85,9.43,13.64,14.61,9.67,7.84,7.1,5.68,6.99,9.97,14.27,13.08,10.76,9.39,8.57,7.52,6.15,8.96,12.99,13.68,14.25,10.8,6.25,4.64,3.58,9.35,13.98,14.35,9.02,6.81,5.62,4.58,3.89,9.23,13.62,14.08,8.88,7.18,6.28,5.07,3.85,9.43,13.64,14.61,9.67,7.84,7.1,5.68,6.99,9.97,14.27,13.08,10.76,9.39,8.57,7.52,6.15,8.96,12.99,13.68,9.14,7.8,6.25,4.64,3.58,9.35,13.98,14.35,9.02,6.81,5.62,4.58,3.89,9.23,13.62,14.08,8.88,7.18,6.28,5.07,3.85,9.43,13.64,14.61,9.67,7.84,7.1,5.68,6.99,9.97,14.27,13.08,10.76,9.39,8.57,7.52,6.15,8.96,12.99,13.68,ciel dégagé,nuageux,nuageux,partiellement nuageux,peu nuageux,ciel dégagé,ciel dégagé,peu nuageux,nuageux,nuageux,partiellement nuageux,peu nuageux,partiellement nuageux,peu nuageux,partiellement nuageux,ciel dégagé,ciel dégagé,ciel dégagé,ciel dégagé,peu nuageux,peu nuageux,peu nuageux,peu nuageux,partiellement nuageux,nuageux,partiellement nuageux,nuageux,nuageux,couvert,couvert,couvert,couvert,couvert,légère pluie,pluie modérée,légère pluie,légère pluie,couvert,nuageux,nuageux,Clear,Clouds,Clouds,Clouds,Clouds,Clear,Clear,Clouds,Clouds,Clouds,Clouds,Clouds,Clouds,Clouds,Clouds,Clear,Clear,Clear,Clear,Clouds,Clouds,Clouds,Clouds,Clouds,Clouds,Clouds,Clouds,Clouds,Clouds,Clouds,Clouds,Clouds,Clouds,Rain,Rain,Rain,Rain,Clouds,Clouds,Clouds,201,178,169,185,180,189,186,177,178,192,187,187,179,165,158,149,94,83,107,147,125,165,137,153,122,86,97,74,24,45,75,41,215,252,182,180,156,178,198,193,1.31,0.62,1.42,1.98,2.3,4.57,6.82,6.18,3.39,2.21,2.04,1.91,1.63,2.47,3.33,3.17,1.9,1.01,0.87,1.31,0.98,2.74,3.18,2.97,1.22,1.31,0.49,0.59,1.55,1.68,3.58,2.28,1.16,3.19,6.03,5.47,1.81,2.81,3.23,2.68
Eguisheim,47,59,64,62,71,57,48,48,66,69,69,72,73,63,56,54,75,78,82,88,90,60,46,42,65,71,76,82,85,69,52,48,64,63,66,73,84,83,63,52,13.49,10.31,6.51,5.85,5.49,11.07,14.89,15.08,10.07,8.93,7.69,6.53,6.26,10.29,13.61,14.07,9.49,8.5,7.62,6.54,5.86,10.74,14.44,14.91,9.78,8.46,7.55,6.52,5.56,9.98,13.43,14.12,10.46,10.31,9.24,7.78,7.72,8.67,11.25,13.38,13.49,10.31,6.51,5.85,5.49,11.07,14.89,15.08,10.07,8.93,7.69,6.53,6.26,10.29,13.61,14.07,9.49,8.5,7.62,6.54,5.86,10.74,14.44,14.91,9.78,8.46,7.55,6.52,5.56,9.98,13.43,14.12,10.46,10.31,9.24,7.78,7.72,8.67,11.25,13.38,8.67,7.51,6.51,5.85,5.49,11.07,14.89,15.08,10.07,8.93,7.69,6.53,6.26,10.29,13.61,14.07,9.49,8.5,7.62,6.54,5.86,10.74,14.44,14.91,9.78,8.46,7.55,6.52,5.56,9.98,13.43,14.12,10.46,10.31,9.24,7.78,7.72,8.67,11.25,13.38,ciel dégagé,ciel dégagé,ciel dégagé,ciel dégagé,ciel dégagé,ciel dégagé,ciel dégagé,partiellement nuageux,partiellement nuageux,nuageux,nuageux,partiellement nuageux,nuageux,couvert,couvert,couvert,couvert,nuageux,couvert,nuageux,couvert,nuageux,partiellement nuageux,ciel dégagé,ciel dégagé,ciel dégagé,ciel dégagé,peu nuageux,partiellement nuageux,couvert,couvert,couvert,couvert,couvert,couvert,couvert,couvert,légère pluie,couvert,nuageux,Clear,Clear,Clear,Clear,Clear,Clear,Clear,Clouds,Clouds,Clouds,Clouds,Clouds,Clouds,Clouds,Clouds,Clouds,Clouds,Clouds,Clouds,Clouds,Clouds,Clouds,Clouds,Clear,Clear,Clear,Clear,Clouds,Clouds,Clouds,Clouds,Clouds,Clouds,Clouds,Clouds,Clouds,Clouds,Rain,Clouds,Clouds,288,280,256,247,248,164,134,119,305,286,273,267,271,89,90,71,349,308,278,257,236,164,118,96,337,297,299,264,302,69,69,44,322,330,252,290,243,169,179,150,1.2,1.44,1.32,1.62,1.41,1.52,1.78,1.32,1.34,1.41,1.15,1.02,0.7,0.61,1.5,1.02,1.36,1.69,1.13,1.14,0.94,1.29,1.61,1.39,1.25,1.5,1.28,1.15,0.85,0.67,1.64,1.96,1.58,1.76,1.55,1.61,0.97,1.4,2.94,2.33
Gorges du Verdon,49,64,76,76,73,51,39,48,80,89,87,70,63,44,38,43,80,81,80,66,67,44,38,43,70,73,77,74,72,47,68,78,91,94,98,96,94,79,81,95,8.88,5.76,2.48,1.68,1.11,7.96,10.54,9.29,4.34,2.88,2.52,2.49,1.49,8.8,10.65,10.12,4.08,3.02,2.5,2.43,1.92,8.94,11.29,9.94,4.26,3.22,3.07,3.68,3.45,9.51,7.74,7.03,5.32,5.37,5.03,4.47,3.06,7.19,7.72,4.86,8.88,5.76,2.48,1.68,1.11,7.96,10.54,9.29,4.34,2.88,2.52,2.49,1.49,8.8,10.65,10.12,4.08,3.02,2.5,2.43,1.92,8.94,11.29,9.94,4.26,3.22,3.07,3.68,3.45,9.51,7.74,7.03,5.32,5.37,5.03,4.47,3.06,7.19,7.72,4.86,4.45,3.1,2.48,1.68,1.11,7.96,10.54,9.29,4.34,2.88,2.52,2.49,1.49,8.8,10.65,10.12,4.08,3.02,2.5,2.43,1.92,8.94,11.29,9.94,4.26,3.22,3.07,3.68,3.45,9.51,7.74,7.03,5.32,5.37,5.03,4.47,3.06,7.19,7.72,4.86,nuageux,partiellement nuageux,ciel dégagé,ciel dégagé,ciel dégagé,couvert,nuageux,couvert,couvert,couvert,couvert,couvert,couvert,nuageux,couvert,couvert,nuageux,peu nuageux,ciel dégagé,ciel dégagé,ciel dégagé,peu nuageux,peu nuageux,nuageux,nuageux,partiellement nuageux,nuageux,nuageux,couvert,couvert,légère pluie,légère pluie,pluie modérée,pluie modérée,pluie modérée,légère pluie,nuageux,nuageux,légère pluie,pluie modérée,Clouds,Clouds,Clear,Clear,Clear,Clouds,Clouds,Clouds,Clouds,Clouds,Clouds,Clouds,Clouds,Clouds,Clouds,Clouds,Clouds,Clouds,Clear,Clear,Clear,Clouds,Clouds,Clouds,Clouds,Clouds,Clouds,Clouds,Clouds,Clouds,Rain,Rain,Rain,Rain,Rain,Rain,Clouds,Clouds,Rain,Rain,100,79,79,76,74,119,130,124,117,93,76,67,71,107,121,134,103,70,65,66,73,118,137,127,106,83,81,79,83,89,80,82,88,109,142,147,79,117,148,134,2.27,1.95,2.33,2.51,2.64,3.47,5.3,5.03,3.09,2.38,2.58,2.35,2.68,4.99,5.38,4.66,2.59,2.06,2.53,2.8,2.71,3.7,5.02,4.99,3.02,3.25,3.15,4.14,4.2,5.09,6.07,6.85,4.41,1.94,1.97,0.97,1.54,1.91,3.99,3.17
Grenoble,61,72,72,66,63,39,30,34,71,76,74,69,63,41,30,32,66,70,70,70,67,45,30,32,66,70,68,67,64,46,57,71,89,92,97,95,95,74,53,56,13.46,11.1,8.08,6.94,6.15,13.02,17.38,17.31,10.51,9.29,8.19,6.93,6.15,12.54,16.67,16.69,10.76,8.71,7.54,6.82,6.24,13.08,17.81,18.0,11.73,9.51,8.95,9.36,8.82,14.86,15.5,14.22,11.37,10.6,7.41,7.1,6.15,11.85,15.41,14.59,13.46,11.1,8.08,6.94,6.15,13.02,17.38,17.31,10.51,9.29,8.19,6.93,6.15,12.54,16.67,16.69,10.76,8.71,7.54,6.82,6.24,13.08,17.81,18.0,11.73,9.51,8.95,9.36,8.82,14.86,15.5,14.22,11.37,10.6,7.41,7.1,6.15,11.85,15.41,14.59,11.75,9.49,8.08,6.94,6.15,13.02,17.38,17.31,10.51,9.29,8.19,6.93,6.15,12.54,16.67,16.69,10.76,8.71,7.54,6.82,6.24,13.08,17.81,18.0,11.73,9.51,8.95,9.36,8.82,14.86,15.5,14.22,11.37,10.6,7.41,7.1,6.15,11.85,15.41,14.59,couvert,nuageux,peu nuageux,ciel dégagé,peu nuageux,partiellement nuageux,nuageux,partiellement nuageux,nuageux,nuageux,couvert,nuageux,nuageux,partiellement nuageux,nuageux,couvert,couvert,ciel dégagé,ciel dégagé,ciel dégagé,ciel dégagé,ciel dégagé,ciel dégagé,peu nuageux,partiellement nuageux,ciel dégagé,partiellement nuageux,couvert,couvert,couvert,légère pluie,légère pluie,légère pluie,légère pluie,pluie modérée,pluie modérée,nuageux,ciel dégagé,nuageux,couvert,Clouds,Clouds,Clouds,Clear,Clouds,Clouds,Clouds,Clouds,Clouds,Clouds,Clouds,Clouds,Clouds,Clouds,Clouds,Clouds,Clouds,Clear,Clear,Clear,Clear,Clear,Clear,Clouds,Clouds,Clear,Clouds,Clouds,Clouds,Clouds,Rain,Rain,Rain,Rain,Rain,Rain,Clouds,Clear,Clouds,Clouds,320,146,140,142,135,184,225,268,2,124,145,137,141,192,225,262,350,162,140,145,152,170,202,223,180,155,142,144,126,127,152,148,131,167,202,94,126,183,236,310,0.79,1.37,1.47,1.53,1.62,1.12,2.06,1.48,0.71,0.37,1.25,1.34,1.45,0.93,1.29,1.46,0.27,1.04,1.46,1.63,1.62,1.25,1.93,1.56,0.98,1.92,1.79,1.65,1.71,0.91,2.49,2.62,2.38,0.96,2.46,0.88,1.23,0.78,0.48,1.49
La Rochelle,47,62,81,80,79,78,73,72,81,79,76,79,82,79,71,74,76,77,81,82,81,80,73,73,75,75,78,93,93,89,79,74,78,87,90,90,87,78,69,64,15.78,12.54,8.85,8.0,7.64,9.78,12.98,14.44,12.89,11.51,10.69,10.07,9.67,10.87,13.89,14.01,13.14,11.33,10.84,11.06,11.13,12.2,14.29,15.38,14.07,13.37,12.9,11.22,9.47,9.3,10.74,11.49,10.41,8.64,7.63,7.03,6.42,9.05,12.35,13.37,15.78,12.54,8.85,8.0,7.64,9.78,12.98,14.44,12.89,11.51,10.69,10.07,9.67,10.87,13.89,14.01,13.14,11.33,10.84,11.06,11.13,12.2,14.29,15.38,14.07,13.37,12.9,11.22,9.47,9.3,10.74,11.49,10.41,8.64,7.63,7.03,6.42,9.05,12.35,13.37,11.23,9.78,8.85,8.0,7.64,9.78,12.98,14.44,12.89,11.51,10.69,10.07,9.67,10.87,13.89,14.01,13.14,11.33,10.84,11.06,11.13,12.2,14.29,15.38,14.07,13.37,12.9,11.22,9.47,9.3,10.74,11.49,10.41,8.64,7.63,7.03,6.42,9.05,12.35,13.37,ciel dégagé,ciel dégagé,ciel dégagé,ciel dégagé,peu nuageux,nuageux,nuageux,couvert,légère pluie,légère pluie,couvert,couvert,nuageux,couvert,couvert,nuageux,nuageux,couvert,couvert,couvert,couvert,couvert,couvert,couvert,couvert,couvert,couvert,pluie modérée,légère pluie,légère pluie,couvert,légère pluie,nuageux,ciel dégagé,ciel dégagé,peu nuageux,partiellement nuageux,peu nuageux,nuageux,partiellement nuageux,Clear,Clear,Clear,Clear,Clouds,Clouds,Clouds,Clouds,Rain,Rain,Clouds,Clouds,Clouds,Clouds,Clouds,Clouds,Clouds,Clouds,Clouds,Clouds,Clouds,Clouds,Clouds,Clouds,Clouds,Clouds,Clouds,Rain,Rain,Rain,Clouds,Rain,Clouds,Clear,Clear,Clouds,Clouds,Clouds,Clouds,Clouds,111,111,126,129,136,148,161,162,156,145,140,142,139,140,138,142,130,129,131,150,130,135,135,128,116,128,150,179,174,143,157,164,124,124,122,100,107,111,108,343,4.28,4.85,6.02,6.59,6.8,7.82,7.36,6.4,4.54,6.53,9.06,8.62,8.21,8.97,8.44,6.69,9.95,10.34,10.01,8.2,9.65,9.09,9.04,7.0,9.06,10.29,10.43,9.76,2.3,6.09,4.58,4.15,3.73,5.0,4.43,4.52,4.65,4.41,2.04,2.21
Le Havre,57,73,84,74,75,68,67,71,79,83,83,78,77,77,72,70,76,78,75,79,81,76,67,66,70,72,75,77,76,75,71,79,85,77,91,96,96,97,98,93,14.34,11.8,8.78,8.19,7.95,9.37,11.57,12.59,11.51,10.59,11.24,11.18,10.23,10.02,12.17,13.19,12.03,10.78,10.18,9.09,8.77,9.83,12.29,13.41,12.06,11.33,10.76,9.82,9.39,9.86,10.44,11.34,10.71,10.34,9.14,8.94,8.88,8.89,8.45,8.58,14.34,11.8,8.78,8.19,7.95,9.37,11.57,12.59,11.51,10.59,11.24,11.18,10.23,10.02,12.17,13.19,12.03,10.78,10.18,9.09,8.77,9.83,12.29,13.41,12.06,11.33,10.76,9.82,9.39,9.86,10.44,11.34,10.71,10.34,9.14,8.94,8.88,8.89,8.45,8.58,12.01,9.94,8.78,8.19,7.95,9.37,11.57,12.59,11.51,10.59,11.24,11.18,10.23,10.02,12.17,13.19,12.03,10.78,10.18,9.09,8.77,9.83,12.29,13.41,12.06,11.33,10.76,9.82,9.39,9.86,10.44,11.34,10.71,10.34,9.14,8.94,8.88,8.89,8.45,8.58,ciel dégagé,ciel dégagé,ciel dégagé,peu nuageux,ciel dégagé,peu nuageux,ciel dégagé,ciel dégagé,peu nuageux,nuageux,couvert,couvert,couvert,couvert,couvert,nuageux,nuageux,nuageux,partiellement nuageux,nuageux,couvert,couvert,couvert,couvert,couvert,couvert,couvert,couvert,couvert,couvert,légère pluie,couvert,légère pluie,légère pluie,légère pluie,légère pluie,légère pluie,légère pluie,légère pluie,légère pluie,Clear,Clear,Clear,Clouds,Clear,Clouds,Clear,Clear,Clouds,Clouds,Clouds,Clouds,Clouds,Clouds,Clouds,Clouds,Clouds,Clouds,Clouds,Clouds,Clouds,Clouds,Clouds,Clouds,Clouds,Clouds,Clouds,Clouds,Clouds,Clouds,Rain,Clouds,Rain,Rain,Rain,Rain,Rain,Rain,Rain,Rain,133,149,154,138,153,168,175,173,145,152,174,170,167,162,165,156,140,121,116,119,129,125,132,120,109,105,115,115,114,119,111,131,125,144,141,99,37,320,253,263,2.91,3.94,3.52,4.2,4.82,6.04,6.26,5.39,5.79,6.4,7.31,7.75,6.67,6.34,5.44,5.47,5.65,5.71,6.58,6.27,6.77,6.02,5.5,5.7,5.09,5.91,7.01,7.24,7.44,7.41,5.46,5.07,7.47,7.67,2.91,0.24,0.96,1.28,5.54,3.72
Lille,45,59,80,87,88,71,44,42,56,70,77,78,84,71,53,52,64,74,76,81,80,67,44,46,64,74,77,74,73,60,49,50,87,84,89,84,77,66,63,66,14.37,11.32,7.79,7.09,6.08,9.68,14.45,15.62,11.61,9.65,8.73,8.27,7.59,10.87,14.93,15.59,12.06,10.03,8.97,8.19,7.58,10.66,15.88,16.44,12.78,10.64,9.29,8.43,7.65,11.47,15.66,16.54,11.47,11.52,10.11,9.91,9.37,11.47,12.51,12.43,14.37,11.32,7.79,7.09,6.08,9.68,14.45,15.62,11.61,9.65,8.73,8.27,7.59,10.87,14.93,15.59,12.06,10.03,8.97,8.19,7.58,10.66,15.88,16.44,12.78,10.64,9.29,8.43,7.65,11.47,15.66,16.54,11.47,11.52,10.11,9.91,9.37,11.47,12.51,12.43,10.74,8.89,7.79,7.09,6.08,9.68,14.45,15.62,11.61,9.65,8.73,8.27,7.59,10.87,14.93,15.59,12.06,10.03,8.97,8.19,7.58,10.66,15.88,16.44,12.78,10.64,9.29,8.43,7.65,11.47,15.66,16.54,11.47,11.52,10.11,9.91,9.37,11.47,12.51,12.43,ciel dégagé,ciel dégagé,ciel dégagé,ciel dégagé,peu nuageux,partiellement nuageux,partiellement nuageux,partiellement nuageux,peu nuageux,ciel dégagé,ciel dégagé,partiellement nuageux,nuageux,nuageux,nuageux,couvert,couvert,partiellement nuageux,nuageux,nuageux,couvert,couvert,couvert,nuageux,nuageux,nuageux,nuageux,peu nuageux,partiellement nuageux,couvert,couvert,couvert,légère pluie,couvert,couvert,couvert,couvert,couvert,couvert,légère pluie,Clear,Clear,Clear,Clear,Clouds,Clouds,Clouds,Clouds,Clouds,Clear,Clear,Clouds,Clouds,Clouds,Clouds,Clouds,Clouds,Clouds,Clouds,Clouds,Clouds,Clouds,Clouds,Clouds,Clouds,Clouds,Clouds,Clouds,Clouds,Clouds,Clouds,Clouds,Rain,Clouds,Clouds,Clouds,Clouds,Clouds,Clouds,Rain,187,187,177,172,165,173,183,185,175,176,166,171,164,167,177,158,145,133,137,123,126,135,137,148,122,110,108,115,101,127,135,137,122,36,51,32,60,123,169,345,2.31,2.3,2.32,2.97,3.23,4.48,5.27,5.3,3.49,3.66,3.91,3.77,3.77,5.07,5.51,4.89,3.46,3.7,3.37,3.29,3.14,4.16,5.84,5.29,3.29,3.5,3.45,3.3,3.22,3.86,4.31,2.88,2.73,2.19,1.32,1.84,2.2,2.28,1.24,0.8
Lyon,44,53,63,72,78,62,38,39,53,61,65,75,80,63,40,39,52,62,73,79,82,59,41,43,55,50,58,63,61,50,54,62,93,95,92,87,90,74,47,39,15.49,12.34,8.42,6.98,6.05,10.24,15.49,16.56,12.86,10.79,9.4,7.88,6.63,10.68,15.18,15.95,12.75,10.38,8.6,8.15,6.72,11.19,15.45,16.66,13.12,11.97,9.76,9.3,9.4,11.78,11.85,11.17,9.0,9.4,8.94,8.84,6.87,10.56,14.89,15.99,15.49,12.34,8.42,6.98,6.05,10.24,15.49,16.56,12.86,10.79,9.4,7.88,6.63,10.68,15.18,15.95,12.75,10.38,8.6,8.15,6.72,11.19,15.45,16.66,13.12,11.97,9.76,9.3,9.4,11.78,11.85,11.17,9.0,9.4,8.94,8.84,6.87,10.56,14.89,15.99,12.78,10.08,8.42,6.98,6.05,10.24,15.49,16.56,12.86,10.79,9.4,7.88,6.63,10.68,15.18,15.95,12.75,10.38,8.6,8.15,6.72,11.19,15.45,16.66,13.12,11.97,9.76,9.3,9.4,11.78,11.85,11.17,9.0,9.4,8.94,8.84,6.87,10.56,14.89,15.99,partiellement nuageux,nuageux,nuageux,ciel dégagé,ciel dégagé,nuageux,nuageux,nuageux,nuageux,couvert,couvert,couvert,nuageux,peu nuageux,peu nuageux,ciel dégagé,ciel dégagé,ciel dégagé,ciel dégagé,peu nuageux,peu nuageux,peu nuageux,peu nuageux,nuageux,nuageux,partiellement nuageux,nuageux,couvert,couvert,nuageux,légère pluie,légère pluie,pluie modérée,pluie modérée,légère pluie,couvert,nuageux,ciel dégagé,peu nuageux,nuageux,Clouds,Clouds,Clouds,Clear,Clear,Clouds,Clouds,Clouds,Clouds,Clouds,Clouds,Clouds,Clouds,Clouds,Clouds,Clear,Clear,Clear,Clear,Clouds,Clouds,Clouds,Clouds,Clouds,Clouds,Clouds,Clouds,Clouds,Clouds,Clouds,Rain,Rain,Rain,Rain,Rain,Clouds,Clouds,Clear,Clouds,Clouds,159,182,170,164,166,158,164,174,184,192,170,173,179,161,164,161,131,158,178,156,159,153,164,176,186,170,164,118,95,105,78,4,146,148,142,147,158,166,168,157,2.11,1.88,2.14,1.93,2.13,3.84,7.11,5.63,2.59,2.56,2.58,2.09,2.01,2.76,4.91,5.43,2.29,2.99,2.83,2.84,2.17,4.25,6.65,5.89,4.9,4.89,3.04,1.85,1.57,1.86,1.09,0.55,0.75,2.48,3.65,3.25,1.67,2.68,3.05,3.62
Marseille,55,58,61,61,73,64,58,54,57,58,59,59,57,56,55,57,62,58,61,66,63,64,61,63,66,60,58,58,59,57,60,77,90,83,83,82,81,78,91,80,16.56,14.85,13.0,12.92,12.37,14.16,15.48,15.5,14.3,13.7,13.44,13.3,13.23,14.56,15.57,15.21,14.33,13.95,13.5,13.07,13.03,14.26,15.19,14.92,14.19,13.83,13.92,14.04,13.9,14.6,14.99,13.3,12.08,12.45,12.36,11.98,11.58,12.7,11.45,12.88,16.56,14.85,13.0,12.92,12.37,14.16,15.48,15.5,14.3,13.7,13.44,13.3,13.23,14.56,15.57,15.21,14.33,13.95,13.5,13.07,13.03,14.26,15.19,14.92,14.19,13.83,13.92,14.04,13.9,14.6,14.99,13.3,12.08,12.45,12.36,11.98,11.58,12.7,11.45,12.88,14.61,13.51,13.0,12.92,12.37,14.16,15.48,15.5,14.3,13.7,13.44,13.3,13.23,14.56,15.57,15.21,14.33,13.95,13.5,13.07,13.03,14.26,15.19,14.92,14.19,13.83,13.92,14.04,13.9,14.6,14.99,13.3,12.08,12.45,12.36,11.98,11.58,12.7,11.45,12.88,ciel dégagé,ciel dégagé,ciel dégagé,peu nuageux,peu nuageux,couvert,nuageux,couvert,couvert,couvert,couvert,couvert,couvert,couvert,couvert,couvert,nuageux,peu nuageux,ciel dégagé,ciel dégagé,ciel dégagé,nuageux,nuageux,nuageux,nuageux,nuageux,nuageux,couvert,couvert,couvert,couvert,légère pluie,pluie modérée,légère pluie,nuageux,légère pluie,légère pluie,légère pluie,pluie modérée,pluie modérée,Clear,Clear,Clear,Clouds,Clouds,Clouds,Clouds,Clouds,Clouds,Clouds,Clouds,Clouds,Clouds,Clouds,Clouds,Clouds,Clouds,Clouds,Clear,Clear,Clear,Clouds,Clouds,Clouds,Clouds,Clouds,Clouds,Clouds,Clouds,Clouds,Clouds,Rain,Rain,Rain,Clouds,Rain,Rain,Rain,Rain,Rain,128,120,112,104,105,111,127,123,119,114,102,102,103,116,125,135,129,128,120,110,115,118,136,132,118,111,106,102,100,98,100,103,169,144,148,117,101,118,162,126,6.74,6.34,5.52,7.39,8.29,8.42,8.83,9.39,8.44,8.45,8.39,7.46,7.94,8.98,9.79,9.15,7.1,6.52,6.37,6.39,6.89,9.61,10.09,10.27,9.55,10.28,11.33,13.09,14.82,15.08,15.21,16.59,6.38,7.03,5.81,4.11,4.52,5.91,7.04,9.8
Mont Saint Michel,70,74,74,77,86,77,70,72,81,79,88,81,80,81,69,72,77,79,80,80,77,78,70,72,78,73,70,70,76,89,93,87,90,93,91,89,89,84,74,73,13.81,10.5,6.89,6.59,6.14,8.93,13.28,15.17,12.53,12.65,11.83,11.07,9.84,10.5,14.5,15.24,12.83,11.84,10.71,9.91,10.02,10.99,14.35,14.82,12.54,12.18,12.75,12.6,11.06,10.27,10.15,10.56,9.75,9.6,8.61,7.53,7.05,8.84,11.04,11.17,13.81,10.5,6.89,6.59,6.14,8.93,13.28,15.17,12.53,12.65,11.83,11.07,9.84,10.5,14.5,15.24,12.83,11.84,10.71,9.91,10.02,10.99,14.35,14.82,12.54,12.18,12.75,12.6,11.06,10.27,10.15,10.56,9.75,9.6,8.61,7.53,7.05,8.84,11.04,11.17,10.78,8.09,6.89,6.59,6.14,8.93,13.28,15.17,12.53,12.65,11.83,11.07,9.84,10.5,14.5,15.24,12.83,11.84,10.71,9.91,10.02,10.99,14.35,14.82,12.54,12.18,12.75,12.6,11.06,10.27,10.15,10.56,9.75,9.6,8.61,7.53,7.05,8.84,11.04,11.17,ciel dégagé,ciel dégagé,ciel dégagé,ciel dégagé,ciel dégagé,ciel dégagé,peu nuageux,partiellement nuageux,nuageux,nuageux,légère pluie,couvert,couvert,couvert,couvert,couvert,nuageux,couvert,couvert,couvert,couvert,couvert,couvert,couvert,couvert,couvert,couvert,couvert,légère pluie,légère pluie,légère pluie,légère pluie,légère pluie,légère pluie,couvert,couvert,couvert,couvert,couvert,couvert,Clear,Clear,Clear,Clear,Clear,Clear,Clouds,Clouds,Clouds,Clouds,Rain,Clouds,Clouds,Clouds,Clouds,Clouds,Clouds,Clouds,Clouds,Clouds,Clouds,Clouds,Clouds,Clouds,Clouds,Clouds,Clouds,Clouds,Rain,Rain,Rain,Rain,Rain,Rain,Clouds,Clouds,Clouds,Clouds,Clouds,Clouds,151,140,130,143,141,148,166,164,154,174,165,160,147,147,159,143,131,125,133,131,131,134,135,131,110,109,125,119,127,136,132,122,150,148,177,175,181,164,228,326,3.54,3.76,4.2,4.9,5.38,6.9,7.98,7.01,6.13,6.92,6.33,6.74,6.99,7.23,7.44,7.1,7.07,7.16,7.24,7.53,7.46,7.36,7.98,7.56,5.88,6.59,7.1,8.0,8.41,7.33,3.18,2.32,2.95,1.88,2.11,2.05,1.89,0.91,1.43,1.99
Montauban,57,64,68,75,74,67,59,59,63,68,70,70,75,71,66,69,79,77,76,80,80,74,66,69,78,76,77,74,87,93,84,67,87,93,95,95,93,79,63,53,15.21,12.66,10.25,10.06,10.8,13.95,16.77,16.21,12.59,11.63,11.34,11.02,10.94,13.72,15.54,14.37,11.99,11.95,11.88,11.49,11.58,13.8,17.25,16.45,13.41,13.7,12.88,12.99,12.17,7.84,8.98,12.83,9.12,7.7,6.84,6.22,5.68,9.74,13.74,15.48,15.21,12.66,10.25,10.06,10.8,13.95,16.77,16.21,12.59,11.63,11.34,11.02,10.94,13.72,15.54,14.37,11.99,11.95,11.88,11.49,11.58,13.8,17.25,16.45,13.41,13.7,12.88,12.99,12.17,7.84,8.98,12.83,9.12,7.7,6.84,6.22,5.68,9.74,13.74,15.48,12.17,10.62,10.25,10.06,10.8,13.95,16.77,16.21,12.59,11.63,11.34,11.02,10.94,13.72,15.54,14.37,11.99,11.95,11.88,11.49,11.58,13.8,17.25,16.45,13.41,13.7,12.88,12.99,12.17,7.84,8.98,12.83,9.12,7.7,6.84,6.22,5.68,9.74,13.74,15.48,ciel dégagé,ciel dégagé,ciel dégagé,peu nuageux,partiellement nuageux,couvert,couvert,couvert,couvert,couvert,nuageux,nuageux,nuageux,partiellement nuageux,partiellement nuageux,couvert,couvert,partiellement nuageux,nuageux,couvert,couvert,couvert,nuageux,partiellement nuageux,nuageux,couvert,couvert,couvert,légère pluie,pluie modérée,légère pluie,couvert,nuageux,légère pluie,légère pluie,ciel dégagé,ciel dégagé,couvert,couvert,nuageux,Clear,Clear,Clear,Clouds,Clouds,Clouds,Clouds,Clouds,Clouds,Clouds,Clouds,Clouds,Clouds,Clouds,Clouds,Clouds,Clouds,Clouds,Clouds,Clouds,Clouds,Clouds,Clouds,Clouds,Clouds,Clouds,Clouds,Clouds,Rain,Rain,Rain,Clouds,Clouds,Rain,Rain,Clear,Clear,Clouds,Clouds,Clouds,117,121,122,123,123,128,129,123,121,120,126,126,125,125,127,123,123,126,126,129,129,127,127,130,129,130,130,129,153,323,24,52,97,236,129,128,105,117,116,140,6.27,6.61,7.32,7.26,8.46,10.06,10.98,10.9,10.79,11.4,9.85,9.18,8.47,10.26,11.73,9.94,10.57,10.17,10.28,9.95,9.64,11.74,12.99,13.22,14.67,13.11,16.28,13.38,9.59,6.53,4.02,2.38,2.35,0.04,1.87,2.11,1.94,1.82,2.29,1.73
Nimes,62,77,85,76,76,63,49,53,74,73,62,63,64,53,52,62,66,73,79,77,79,70,62,64,67,64,54,55,54,55,58,87,87,89,94,97,94,76,76,90,14.54,11.59,7.92,7.21,6.44,11.69,16.6,15.54,11.89,10.37,9.59,9.31,9.05,12.8,14.95,13.59,12.11,11.77,9.59,7.48,7.15,10.01,14.63,13.76,12.57,11.8,12.32,12.01,12.98,13.98,14.36,11.85,11.14,10.56,9.79,8.37,7.61,11.98,12.91,10.36,14.54,11.59,7.92,7.21,6.44,11.69,16.6,15.54,11.89,10.37,9.59,9.31,9.05,12.8,14.95,13.59,12.11,11.77,9.59,7.48,7.15,10.01,14.63,13.76,12.57,11.8,12.32,12.01,12.98,13.98,14.36,11.85,11.14,10.56,9.79,8.37,7.61,11.98,12.91,10.36,11.18,9.27,7.92,7.21,6.44,11.69,16.6,15.54,11.89,10.37,9.59,9.31,9.05,12.8,14.95,13.59,12.11,11.77,9.59,7.48,7.15,10.01,14.63,13.76,12.57,11.8,12.32,12.01,12.98,13.98,14.36,11.85,11.14,10.56,9.79,8.37,7.61,11.98,12.91,10.36,ciel dégagé,ciel dégagé,ciel dégagé,partiellement nuageux,partiellement nuageux,couvert,nuageux,couvert,couvert,couvert,couvert,nuageux,nuageux,couvert,couvert,légère pluie,couvert,couvert,couvert,partiellement nuageux,partiellement nuageux,couvert,couvert,couvert,couvert,couvert,couvert,couvert,couvert,légère pluie,légère pluie,pluie modérée,pluie modérée,légère pluie,légère pluie,légère pluie,légère pluie,légère pluie,légère pluie,pluie modérée,Clear,Clear,Clear,Clouds,Clouds,Clouds,Clouds,Clouds,Clouds,Clouds,Clouds,Clouds,Clouds,Clouds,Clouds,Rain,Clouds,Clouds,Clouds,Clouds,Clouds,Clouds,Clouds,Clouds,Clouds,Clouds,Clouds,Clouds,Clouds,Rain,Rain,Rain,Rain,Rain,Rain,Rain,Rain,Rain,Rain,Rain,186,249,34,35,39,112,151,159,162,152,111,88,45,107,157,179,169,157,122,18,34,73,147,149,141,136,123,122,114,126,134,154,163,149,127,104,78,100,136,102,2.16,0.97,2.42,2.71,2.57,2.51,7.31,6.74,5.04,2.91,2.49,2.36,2.13,3.17,6.69,4.37,4.23,3.54,2.58,2.53,2.46,2.44,7.94,7.67,8.04,5.97,7.21,5.98,7.62,10.5,11.78,9.35,5.27,4.87,3.76,3.69,3.06,4.18,6.7,3.77
Paris,41,52,70,73,75,48,33,36,51,62,67,70,79,60,39,39,49,58,60,63,66,51,40,40,53,58,61,60,56,55,60,78,84,75,84,89,92,81,64,60,16.96,13.77,9.58,8.39,7.22,10.25,14.99,16.5,14.52,12.22,11.41,10.64,8.92,10.92,15.37,16.52,14.9,12.89,11.65,10.35,9.31,11.44,15.4,17.42,15.45,13.17,11.77,11.18,10.58,11.75,14.45,12.2,11.37,11.38,10.78,10.43,9.66,10.31,12.46,12.52,16.96,13.77,9.58,8.39,7.22,10.25,14.99,16.5,14.52,12.22,11.41,10.64,8.92,10.92,15.37,16.52,14.9,12.89,11.65,10.35,9.31,11.44,15.4,17.42,15.45,13.17,11.77,11.18,10.58,11.75,14.45,12.2,11.37,11.38,10.78,10.43,9.66,10.31,12.46,12.52,13.77,11.38,9.58,8.39,7.22,10.25,14.99,16.5,14.52,12.22,11.41,10.64,8.92,10.92,15.37,16.52,14.9,12.89,11.65,10.35,9.31,11.44,15.4,17.42,15.45,13.17,11.77,11.18,10.58,11.75,14.45,12.2,11.37,11.38,10.78,10.43,9.66,10.31,12.46,12.52,ciel dégagé,ciel dégagé,ciel dégagé,peu nuageux,partiellement nuageux,nuageux,partiellement nuageux,ciel dégagé,peu nuageux,peu nuageux,partiellement nuageux,couvert,couvert,partiellement nuageux,partiellement nuageux,partiellement nuageux,nuageux,couvert,couvert,couvert,couvert,partiellement nuageux,nuageux,nuageux,nuageux,nuageux,nuageux,couvert,couvert,couvert,légère pluie,légère pluie,légère pluie,légère pluie,couvert,légère pluie,couvert,couvert,couvert,couvert,Clear,Clear,Clear,Clouds,Clouds,Clouds,Clouds,Clear,Clouds,Clouds,Clouds,Clouds,Clouds,Clouds,Clouds,Clouds,Clouds,Clouds,Clouds,Clouds,Clouds,Clouds,Clouds,Clouds,Clouds,Clouds,Clouds,Clouds,Clouds,Clouds,Rain,Rain,Rain,Rain,Clouds,Rain,Clouds,Clouds,Clouds,Clouds,158,141,161,155,169,169,182,187,161,159,180,171,160,160,160,154,133,118,133,128,134,138,137,143,110,121,124,131,128,121,152,160,123,108,124,149,156,208,248,274,1.39,1.66,1.92,1.9,2.36,3.79,4.31,4.68,2.66,2.35,3.04,3.08,2.28,3.2,3.39,3.77,2.78,3.74,4.0,3.12,2.9,3.88,4.78,5.3,4.48,4.71,4.2,4.28,3.99,3.84,5.98,4.89,3.06,4.09,1.82,1.9,1.3,2.75,3.6,3.87
Rouen,56,73,86,84,87,61,52,58,79,89,92,84,83,69,59,59,76,78,80,80,86,72,56,55,71,73,78,77,75,67,68,82,78,91,88,95,97,94,90,92,15.43,11.91,7.59,6.13,5.25,10.14,14.33,15.28,10.72,9.16,8.6,10.26,8.52,11.04,14.63,15.59,11.19,9.76,8.81,7.93,6.86,10.09,13.97,15.78,11.64,11.34,9.72,9.11,8.71,10.13,11.49,12.29,10.95,9.98,9.71,9.34,9.3,9.82,10.41,9.26,15.43,11.91,7.59,6.13,5.25,10.14,14.33,15.28,10.72,9.16,8.6,10.26,8.52,11.04,14.63,15.59,11.19,9.76,8.81,7.93,6.86,10.09,13.97,15.78,11.64,11.34,9.72,9.11,8.71,10.13,11.49,12.29,10.95,9.98,9.71,9.34,9.3,9.82,10.41,9.26,11.1,9.07,7.59,6.13,5.25,10.14,14.33,15.28,10.72,9.16,8.6,10.26,8.52,11.04,14.63,15.59,11.19,9.76,8.81,7.93,6.86,10.09,13.97,15.78,11.64,11.34,9.72,9.11,8.71,10.13,11.49,12.29,10.95,9.98,9.71,9.34,9.3,9.82,10.41,9.26,ciel dégagé,ciel dégagé,ciel dégagé,ciel dégagé,ciel dégagé,ciel dégagé,peu nuageux,ciel dégagé,ciel dégagé,nuageux,nuageux,couvert,couvert,nuageux,nuageux,nuageux,partiellement nuageux,partiellement nuageux,partiellement nuageux,partiellement nuageux,nuageux,nuageux,couvert,nuageux,couvert,couvert,couvert,couvert,couvert,couvert,couvert,couvert,légère pluie,légère pluie,légère pluie,légère pluie,légère pluie,légère pluie,légère pluie,légère pluie,Clear,Clear,Clear,Clear,Clear,Clear,Clouds,Clear,Clear,Clouds,Clouds,Clouds,Clouds,Clouds,Clouds,Clouds,Clouds,Clouds,Clouds,Clouds,Clouds,Clouds,Clouds,Clouds,Clouds,Clouds,Clouds,Clouds,Clouds,Clouds,Clouds,Clouds,Rain,Rain,Rain,Rain,Rain,Rain,Rain,Rain,135,157,153,143,140,168,180,180,156,144,154,158,153,169,161,160,147,119,109,123,122,130,131,128,114,102,109,116,115,123,116,137,161,105,116,81,97,134,241,275,2.05,2.39,2.19,2.36,2.69,4.55,6.45,5.45,3.34,3.4,3.24,4.49,4.54,6.12,6.41,5.91,3.04,3.39,3.75,4.05,3.63,4.78,5.75,5.47,3.69,6.44,5.34,5.18,5.46,5.83,5.52,6.06,5.05,3.73,4.16,2.29,1.73,1.64,2.64,3.8
Saintes Maries de la mer,72,78,84,82,81,78,75,77,83,79,75,72,70,69,76,75,77,78,75,77,78,81,79,79,79,80,74,66,66,64,74,95,82,85,86,86,91,85,93,87,13.4,13.15,12.68,11.62,11.0,13.36,13.68,13.55,12.76,12.91,12.77,12.84,12.81,13.47,12.99,13.22,13.02,12.96,13.01,13.12,13.5,13.29,13.25,13.24,12.94,12.93,13.19,13.68,13.9,14.26,13.45,11.99,12.5,12.5,12.57,12.52,11.5,12.35,10.85,11.97,13.4,13.15,12.68,11.62,11.0,13.36,13.68,13.55,12.76,12.91,12.77,12.84,12.81,13.47,12.99,13.22,13.02,12.96,13.01,13.12,13.5,13.29,13.25,13.24,12.94,12.93,13.19,13.68,13.9,14.26,13.45,11.99,12.5,12.5,12.57,12.52,11.5,12.35,10.85,11.97,12.73,12.86,12.68,11.62,11.0,13.36,13.68,13.55,12.76,12.91,12.77,12.84,12.81,13.47,12.99,13.22,13.02,12.96,13.01,13.12,13.5,13.29,13.25,13.24,12.94,12.93,13.19,13.68,13.9,14.26,13.45,11.99,12.5,12.5,12.57,12.52,11.5,12.35,10.85,11.97,ciel dégagé,ciel dégagé,ciel dégagé,nuageux,nuageux,couvert,nuageux,couvert,couvert,nuageux,nuageux,nuageux,couvert,couvert,légère pluie,couvert,couvert,couvert,couvert,peu nuageux,nuageux,couvert,couvert,couvert,couvert,nuageux,nuageux,couvert,couvert,couvert,légère pluie,forte pluie,légère pluie,couvert,partiellement nuageux,ciel dégagé,légère pluie,légère pluie,pluie modérée,pluie modérée,Clear,Clear,Clear,Clouds,Clouds,Clouds,Clouds,Clouds,Clouds,Clouds,Clouds,Clouds,Clouds,Clouds,Rain,Clouds,Clouds,Clouds,Clouds,Clouds,Clouds,Clouds,Clouds,Clouds,Clouds,Clouds,Clouds,Clouds,Clouds,Clouds,Rain,Rain,Rain,Clouds,Clouds,Clear,Rain,Rain,Rain,Rain,137,131,116,107,108,122,128,131,131,125,115,114,114,123,129,138,142,136,130,131,128,128,136,132,126,124,119,121,114,117,122,156,169,154,156,140,116,112,168,130,6.94,7.3,6.91,6.09,6.74,10.31,10.35,10.02,9.73,8.16,8.86,9.12,8.13,9.28,9.48,9.58,8.2,7.59,8.46,8.4,10.15,10.61,10.83,11.35,12.04,12.22,13.58,13.74,14.49,17.77,19.13,10.92,8.81,9.48,7.5,6.99,5.26,6.3,8.55,5.5
St Malo,59,72,77,80,84,81,69,71,81,77,79,85,83,82,71,73,82,83,83,81,81,81,74,74,79,78,77,73,79,91,90,81,87,88,87,85,86,82,75,73,15.33,11.61,7.63,7.11,7.19,8.82,13.33,14.68,12.39,11.98,12.62,11.44,10.06,10.27,13.59,14.5,12.57,11.39,10.58,10.0,9.78,10.48,13.23,14.09,12.3,11.58,11.9,12.28,10.9,10.4,10.27,11.33,10.28,9.42,8.13,7.8,7.52,8.96,10.85,10.72,15.33,11.61,7.63,7.11,7.19,8.82,13.33,14.68,12.39,11.98,12.62,11.44,10.06,10.27,13.59,14.5,12.57,11.39,10.58,10.0,9.78,10.48,13.23,14.09,12.3,11.58,11.9,12.28,10.9,10.4,10.27,11.33,10.28,9.42,8.13,7.8,7.52,8.96,10.85,10.72,11.4,8.77,7.63,7.11,7.19,8.82,13.33,14.68,12.39,11.98,12.62,11.44,10.06,10.27,13.59,14.5,12.57,11.39,10.58,10.0,9.78,10.48,13.23,14.09,12.3,11.58,11.9,12.28,10.9,10.4,10.27,11.33,10.28,9.42,8.13,7.8,7.52,8.96,10.85,10.72,ciel dégagé,ciel dégagé,ciel dégagé,ciel dégagé,ciel dégagé,partiellement nuageux,partiellement nuageux,peu nuageux,partiellement nuageux,nuageux,légère pluie,légère pluie,légère pluie,couvert,couvert,couvert,légère pluie,nuageux,couvert,couvert,couvert,couvert,couvert,couvert,couvert,couvert,couvert,couvert,légère pluie,légère pluie,légère pluie,légère pluie,légère pluie,légère pluie,couvert,couvert,couvert,couvert,couvert,légère pluie,Clear,Clear,Clear,Clear,Clear,Clouds,Clouds,Clouds,Clouds,Clouds,Rain,Rain,Rain,Clouds,Clouds,Clouds,Rain,Clouds,Clouds,Clouds,Clouds,Clouds,Clouds,Clouds,Clouds,Clouds,Clouds,Clouds,Rain,Rain,Rain,Rain,Rain,Rain,Clouds,Clouds,Clouds,Clouds,Clouds,Rain,151,153,143,153,154,153,170,165,160,177,185,170,157,152,170,151,128,128,133,134,134,126,126,127,115,104,119,117,128,148,131,113,137,189,193,200,191,196,197,347,3.93,4.0,4.44,5.66,6.42,7.54,8.96,7.0,6.68,8.64,10.13,7.03,7.21,7.88,7.81,6.46,6.56,7.73,7.58,7.69,7.96,8.56,7.83,8.14,6.41,6.58,6.87,7.39,8.6,7.09,3.22,4.2,3.6,2.41,2.81,2.6,2.87,0.98,0.87,2.12
Strasbourg,49,64,80,84,83,63,49,45,62,71,76,81,84,71,57,52,69,78,84,87,89,74,58,50,65,76,80,82,85,68,51,47,64,70,74,80,88,77,77,66,13.85,10.4,6.32,5.19,4.21,8.97,13.75,15.22,10.77,8.84,7.55,6.39,5.56,8.96,12.96,14.56,10.69,8.67,7.33,6.43,5.48,9.41,13.4,14.93,11.1,8.78,7.33,6.17,5.15,9.28,13.23,15.31,11.52,10.01,9.19,7.72,6.67,9.67,10.37,11.94,13.85,10.4,6.32,5.19,4.21,8.97,13.75,15.22,10.77,8.84,7.55,6.39,5.56,8.96,12.96,14.56,10.69,8.67,7.33,6.43,5.48,9.41,13.4,14.93,11.1,8.78,7.33,6.17,5.15,9.28,13.23,15.31,11.52,10.01,9.19,7.72,6.67,9.67,10.37,11.94,9.58,7.61,6.32,5.19,4.21,8.97,13.75,15.22,10.77,8.84,7.55,6.39,5.56,8.96,12.96,14.56,10.69,8.67,7.33,6.43,5.48,9.41,13.4,14.93,11.1,8.78,7.33,6.17,5.15,9.28,13.23,15.31,11.52,10.01,9.19,7.72,6.67,9.67,10.37,11.94,ciel dégagé,ciel dégagé,ciel dégagé,ciel dégagé,ciel dégagé,ciel dégagé,ciel dégagé,partiellement nuageux,nuageux,nuageux,partiellement nuageux,peu nuageux,partiellement nuageux,couvert,couvert,nuageux,nuageux,peu nuageux,peu nuageux,partiellement nuageux,partiellement nuageux,peu nuageux,partiellement nuageux,nuageux,partiellement nuageux,ciel dégagé,ciel dégagé,ciel dégagé,ciel dégagé,nuageux,nuageux,couvert,couvert,couvert,couvert,couvert,couvert,couvert,légère pluie,couvert,Clear,Clear,Clear,Clear,Clear,Clear,Clear,Clouds,Clouds,Clouds,Clouds,Clouds,Clouds,Clouds,Clouds,Clouds,Clouds,Clouds,Clouds,Clouds,Clouds,Clouds,Clouds,Clouds,Clouds,Clear,Clear,Clear,Clear,Clouds,Clouds,Clouds,Clouds,Clouds,Clouds,Clouds,Clouds,Clouds,Rain,Clouds,74,139,178,190,187,196,190,138,55,37,80,185,171,10,28,12,346,359,19,153,147,141,68,35,360,54,102,52,62,29,33,14,22,358,299,210,152,201,195,178,0.96,0.29,1.39,2.21,2.42,2.63,1.57,0.64,1.38,0.43,0.11,1.24,1.19,0.28,1.38,1.96,1.81,0.96,0.18,0.51,0.53,0.28,0.93,1.8,1.9,0.34,0.63,0.87,0.93,0.73,1.96,2.38,2.92,1.45,0.46,1.44,1.72,3.2,3.37,2.08
Toulouse,56,65,68,81,75,68,55,51,64,66,69,65,81,72,63,74,81,81,80,84,83,78,66,69,82,77,78,81,93,90,75,69,89,93,94,94,95,81,59,50,14.61,12.7,10.55,10.19,10.93,13.85,16.89,16.78,12.62,11.64,11.47,11.44,11.01,13.38,15.63,13.66,11.95,11.59,11.39,11.3,11.23,13.56,16.95,16.27,13.26,13.37,12.41,12.56,9.59,7.73,10.98,12.26,8.59,7.75,7.16,6.18,5.81,9.84,14.13,15.31,14.61,12.7,10.55,10.19,10.93,13.85,16.89,16.78,12.62,11.64,11.47,11.44,11.01,13.38,15.63,13.66,11.95,11.59,11.39,11.3,11.23,13.56,16.95,16.27,13.26,13.37,12.41,12.56,9.59,7.73,10.98,12.26,8.59,7.75,7.16,6.18,5.81,9.84,14.13,15.31,11.88,11.07,10.55,10.19,10.93,13.85,16.89,16.78,12.62,11.64,11.47,11.44,11.01,13.38,15.63,13.66,11.95,11.59,11.39,11.3,11.23,13.56,16.95,16.27,13.26,13.37,12.41,12.56,9.59,7.73,10.98,12.26,8.59,7.75,7.16,6.18,5.81,9.84,14.13,15.31,ciel dégagé,peu nuageux,partiellement nuageux,partiellement nuageux,nuageux,couvert,couvert,couvert,couvert,nuageux,nuageux,couvert,nuageux,partiellement nuageux,partiellement nuageux,partiellement nuageux,partiellement nuageux,peu nuageux,nuageux,couvert,couvert,couvert,nuageux,nuageux,couvert,couvert,couvert,couvert,légère pluie,légère pluie,légère pluie,couvert,légère pluie,légère pluie,légère pluie,ciel dégagé,peu nuageux,couvert,couvert,couvert,Clear,Clouds,Clouds,Clouds,Clouds,Clouds,Clouds,Clouds,Clouds,Clouds,Clouds,Clouds,Clouds,Clouds,Clouds,Clouds,Clouds,Clouds,Clouds,Clouds,Clouds,Clouds,Clouds,Clouds,Clouds,Clouds,Clouds,Clouds,Rain,Rain,Rain,Clouds,Rain,Rain,Rain,Clear,Clouds,Clouds,Clouds,Clouds,116,127,126,124,127,127,130,122,123,121,129,125,125,123,126,121,123,126,127,126,126,126,126,131,128,135,123,123,213,336,354,66,96,101,149,136,125,119,108,99,8.43,8.66,9.18,9.24,10.17,11.25,11.62,11.46,11.82,10.59,9.85,9.45,9.89,11.21,11.89,11.45,10.84,11.07,10.89,10.0,10.34,11.91,12.75,14.48,13.11,14.42,14.75,12.86,4.09,6.15,4.01,2.86,1.79,1.0,2.03,2.33,2.15,2.73,3.01,2.54
Uzes,52,70,90,88,85,66,49,55,81,82,75,75,73,57,43,61,76,79,85,84,85,73,57,64,67,63,55,54,55,56,56,78,91,92,95,96,93,77,70,95,14.3,11.02,7.3,6.36,5.71,11.19,16.25,15.32,10.56,8.79,7.53,6.83,7.32,12.2,16.03,13.92,10.46,10.53,8.18,6.91,6.42,9.5,14.56,12.88,12.13,10.62,11.75,11.12,11.99,13.79,14.04,11.74,10.53,9.61,9.24,7.85,6.83,11.44,13.42,9.55,14.3,11.02,7.3,6.36,5.71,11.19,16.25,15.32,10.56,8.79,7.53,6.83,7.32,12.2,16.03,13.92,10.46,10.53,8.18,6.91,6.42,9.5,14.56,12.88,12.13,10.62,11.75,11.12,11.99,13.79,14.04,11.74,10.53,9.61,9.24,7.85,6.83,11.44,13.42,9.55,10.44,8.41,7.3,6.36,5.71,11.19,16.25,15.32,10.56,8.79,7.53,6.83,7.32,12.2,16.03,13.92,10.46,10.53,8.18,6.91,6.42,9.5,14.56,12.88,12.13,10.62,11.75,11.12,11.99,13.79,14.04,11.74,10.53,9.61,9.24,7.85,6.83,11.44,13.42,9.55,ciel dégagé,ciel dégagé,ciel dégagé,peu nuageux,partiellement nuageux,nuageux,nuageux,couvert,couvert,couvert,couvert,nuageux,nuageux,nuageux,nuageux,couvert,couvert,couvert,couvert,peu nuageux,partiellement nuageux,couvert,couvert,couvert,couvert,couvert,couvert,couvert,couvert,légère pluie,légère pluie,pluie modérée,pluie modérée,légère pluie,légère pluie,légère pluie,légère pluie,couvert,légère pluie,pluie modérée,Clear,Clear,Clear,Clouds,Clouds,Clouds,Clouds,Clouds,Clouds,Clouds,Clouds,Clouds,Clouds,Clouds,Clouds,Clouds,Clouds,Clouds,Clouds,Clouds,Clouds,Clouds,Clouds,Clouds,Clouds,Clouds,Clouds,Clouds,Clouds,Rain,Rain,Rain,Rain,Rain,Rain,Rain,Rain,Clouds,Rain,Rain,212,261,7,24,30,132,158,172,190,193,26,31,29,126,156,211,206,199,97,23,54,84,159,164,152,140,132,131,130,132,131,151,169,157,134,113,77,95,131,94,2.87,1.49,0.94,1.48,1.43,3.94,7.14,7.03,3.73,1.3,0.91,1.43,1.61,2.85,7.95,4.9,2.74,1.88,1.04,1.11,1.65,1.81,8.1,7.48,7.36,4.88,7.12,6.7,7.27,10.64,12.7,9.37,6.09,4.33,3.64,2.66,1.84,2.81,5.31,1.93
